50000, 	 500, 	 0.30, 	 1700, 	 0.00001000000000000000, 	 -0.28669716543642564943, 	 0.32745978720072443924, 	 0.30428706362764734727, 	 0.30594702418008640210
50000, 	 500, 	 0.30, 	 1700, 	 0.00000100000000000000, 	 -0.29331583512966163951, 	 0.32960393119269132400, 	 0.30430522480610966429, 	 0.30675294209101566789
50000, 	 500, 	 0.30, 	 1750, 	 0.00001000000000000000, 	 -0.15521725206958225662, 	 0.31455627888716131135, 	 0.28699884569763367548, 	 0.28997315422006236796
50000, 	 500, 	 0.30, 	 1750, 	 0.00000100000000000000, 	 -0.16225238762986760044, 	 0.31683049832283555203, 	 0.28701633746782795331, 	 0.29087417172531726539
50000, 	 500, 	 0.30, 	 1800, 	 0.00001000000000000000, 	 -0.03276257164651585896, 	 0.30185875172488130236, 	 0.26986503403256834055, 	 0.27425277795394342739
50000, 	 500, 	 0.30, 	 1800, 	 0.00000100000000000000, 	 -0.04021272156259292352, 	 0.30425854637685173509, 	 0.26988318846370051851, 	 0.27525868353857196880
50000, 	 500, 	 0.36, 	 1700, 	 0.00001000000000000000, 	 0.55386159321838990266, 	 0.21145246757018906769, 	 0.17506856163097703205, 	 0.18032822433597556211
50000, 	 500, 	 0.36, 	 1700, 	 0.00000100000000000000, 	 0.55262680858619006585, 	 0.21097499676021314041, 	 0.17508432939320622834, 	 0.18059598847354962903
50000, 	 500, 	 0.36, 	 1750, 	 0.00001000000000000000, 	 0.64008916626112877246, 	 0.19651896020086065398, 	 0.15486131553411972006, 	 0.16205466119537526026
50000, 	 500, 	 0.36, 	 1750, 	 0.00000100000000000000, 	 0.63863223142250369335, 	 0.19608278347360680316, 	 0.15487904528497900558, 	 0.16239816597754805350
50000, 	 500, 	 0.36, 	 1800, 	 0.00001000000000000000, 	 0.71484737611771975718, 	 0.18185086351609172639, 	 0.13484707316602070892, 	 0.14432479463119510243
50000, 	 500, 	 0.36, 	 1800, 	 0.00000100000000000000, 	 0.71316587348145477065, 	 0.18145940397719850790, 	 0.13486752199702278787, 	 0.14476186684023276130
50000, 	 500, 	 0.40, 	 1700, 	 0.00001000000000000000, 	 0.82882788885740144025, 	 0.17542018527452968302, 	 0.09110140564152657827, 	 0.11186502450463925440
50000, 	 500, 	 0.40, 	 1700, 	 0.00000100000000000000, 	 0.83124389198994430572, 	 0.17456570225268802643, 	 0.09053574001758578349, 	 0.11108101915856916087
50000, 	 500, 	 0.40, 	 1750, 	 0.00001000000000000000, 	 0.87493849921010091730, 	 0.15929806777759983327, 	 0.07368325113932124026, 	 0.09565267929847759421
50000, 	 500, 	 0.40, 	 1750, 	 0.00000100000000000000, 	 0.87725722965931740571, 	 0.15848307117207166561, 	 0.07267067102420095293, 	 0.09476142736386028442
50000, 	 500, 	 0.40, 	 1800, 	 0.00001000000000000000, 	 0.90794892000977855950, 	 0.14346157680511431587, 	 0.06187439649754571114, 	 0.08201466522049266628
50000, 	 500, 	 0.40, 	 1800, 	 0.00000100000000000000, 	 0.91015535652286794210, 	 0.14269193596382526157, 	 0.06079546309872902593, 	 0.08101091042338695591
50000, 	 500, 	 0.45, 	 1700, 	 0.00001000000000000000, 	 0.87095770815438988688, 	 0.13926984145885329403, 	 0.08050918462045433821, 	 0.09691475781447732307
50000, 	 500, 	 0.45, 	 1700, 	 0.00000100000000000000, 	 0.87784485790547772677, 	 0.13800092247145659408, 	 0.07834188220044269180, 	 0.09424773578301406940
50000, 	 500, 	 0.45, 	 1750, 	 0.00001000000000000000, 	 0.85686867810534639300, 	 0.12309056136015529559, 	 0.08826142930708909262, 	 0.10182289932915979114
50000, 	 500, 	 0.45, 	 1750, 	 0.00000100000000000000, 	 0.86378358374467201219, 	 0.12037266421408802930, 	 0.08716970635797366418, 	 0.09926241502071343759
50000, 	 500, 	 0.45, 	 1800, 	 0.00001000000000000000, 	 0.82765671711818000755, 	 0.13772666931838517534, 	 0.10117007034284006273, 	 0.11148772671418900881
50000, 	 500, 	 0.45, 	 1800, 	 0.00000100000000000000, 	 0.83457143239847009220, 	 0.13224109030068109671, 	 0.10041976805472674350, 	 0.10913994385399511389
50000, 	 600, 	 0.30, 	 1700, 	 0.00001000000000000000, 	 0.54592986514000119147, 	 0.20548075677893729019, 	 0.17543598654190331598, 	 0.18194845298874440243
50000, 	 600, 	 0.30, 	 1700, 	 0.00000100000000000000, 	 0.53985114509738230115, 	 0.20781743463461732624, 	 0.17544873162917354326, 	 0.18317776104752347965
50000, 	 600, 	 0.30, 	 1750, 	 0.00001000000000000000, 	 0.63023762936051253014, 	 0.19056688788944614599, 	 0.15523518730577606783, 	 0.16427934100434155029
50000, 	 600, 	 0.30, 	 1750, 	 0.00000100000000000000, 	 0.62380813015325853321, 	 0.19303443156213576093, 	 0.15524856567278275121, 	 0.16571390681325015581
50000, 	 600, 	 0.30, 	 1800, 	 0.00001000000000000000, 	 0.70318651105774088172, 	 0.17590352422344213146, 	 0.13568921827337118713, 	 0.14726305782448106951
50000, 	 600, 	 0.30, 	 1800, 	 0.00000100000000000000, 	 0.69642028362206764847, 	 0.17849552958704761885, 	 0.13649363150761401053, 	 0.14894078219958511999
50000, 	 600, 	 0.36, 	 1700, 	 0.00001000000000000000, 	 0.96941397452327204842, 	 0.06822313656904212265, 	 0.04063301926852874030, 	 0.04716343848924579862
50000, 	 600, 	 0.36, 	 1700, 	 0.00000100000000000000, 	 0.96976645613161316373, 	 0.06782715468582688201, 	 0.04019743066581385471, 	 0.04686644410386248821
50000, 	 600, 	 0.36, 	 1750, 	 0.00001000000000000000, 	 0.97590757640177239196, 	 0.06007404400558911256, 	 0.03605804453938542958, 	 0.04142752213581334109
50000, 	 600, 	 0.36, 	 1750, 	 0.00000100000000000000, 	 0.97615205171947294627, 	 0.06301570742421763738, 	 0.03518664337912212614, 	 0.04116318519823355254
50000, 	 600, 	 0.36, 	 1800, 	 0.00001000000000000000, 	 0.96811833339740305249, 	 0.07735337030968227057, 	 0.04055022685632331952, 	 0.04726019146240647423
50000, 	 600, 	 0.36, 	 1800, 	 0.00000100000000000000, 	 0.96825145254639344294, 	 0.08029978796796521934, 	 0.03935233518404291503, 	 0.04709643963003491002
50000, 	 600, 	 0.40, 	 1700, 	 0.00001000000000000000, 	 0.88113632752811477111, 	 0.11410183387048167258, 	 0.08050513355078192657, 	 0.09232611562908829561
50000, 	 600, 	 0.40, 	 1700, 	 0.00000100000000000000, 	 0.88581508098635741710, 	 0.10815888609209066418, 	 0.08009466704659867764, 	 0.09040266273926776674
50000, 	 600, 	 0.40, 	 1750, 	 0.00001000000000000000, 	 0.82331990401271626379, 	 0.12967976428707658765, 	 0.10136844376567831494, 	 0.11247805522394606348
50000, 	 600, 	 0.40, 	 1750, 	 0.00000100000000000000, 	 0.82802048553832441335, 	 0.12347124706921631943, 	 0.10115690997137581630, 	 0.11088574815027724130
50000, 	 600, 	 0.40, 	 1800, 	 0.00001000000000000000, 	 0.74931012965141707838, 	 0.14508005279055835590, 	 0.12558851933370970833, 	 0.13394238155362322984
50000, 	 600, 	 0.40, 	 1800, 	 0.00000100000000000000, 	 0.75401235301040858694, 	 0.13862187572430847982, 	 0.12555541278738380218, 	 0.13259793126063640356
50000, 	 600, 	 0.45, 	 1700, 	 0.00001000000000000000, 	 0.38305850732377977330, 	 0.23414212226129593741, 	 0.19593740136913379013, 	 0.21098832256883603975
50000, 	 600, 	 0.45, 	 1700, 	 0.00000100000000000000, 	 0.39294693154293358628, 	 0.22822546822066117067, 	 0.19589424961682375126, 	 0.20921596224868083125
50000, 	 600, 	 0.45, 	 1750, 	 0.00001000000000000000, 	 0.23247005599334247261, 	 0.25159146717371472235, 	 0.22405261824147007510, 	 0.23522209899491944296
50000, 	 600, 	 0.45, 	 1750, 	 0.00000100000000000000, 	 0.24252776503817341514, 	 0.24541980295285434344, 	 0.22400494132681894599, 	 0.23359895028428395714
50000, 	 600, 	 0.45, 	 1800, 	 0.00001000000000000000, 	 0.06337162514942706881, 	 0.26881861548298985332, 	 0.25184769988381544570, 	 0.25975073194993619774
50000, 	 600, 	 0.45, 	 1800, 	 0.00000100000000000000, 	 0.07356182016141021851, 	 0.26240903911424773298, 	 0.25179489863088433399, 	 0.25825562636715443388
50000, 	 700, 	 0.30, 	 1700, 	 0.00001000000000000000, 	 0.91238641747837412321, 	 0.08610630461086475618, 	 0.07515430238466468127, 	 0.08004602996645740487
50000, 	 700, 	 0.30, 	 1700, 	 0.00000100000000000000, 	 0.90725306554788054392, 	 0.08857118673469430159, 	 0.07694528439809887599, 	 0.08235516220594925330
50000, 	 700, 	 0.30, 	 1750, 	 0.00001000000000000000, 	 0.93170993081057917884, 	 0.08898301515322998290, 	 0.06501761272893649690, 	 0.07053037386617706794
50000, 	 700, 	 0.30, 	 1750, 	 0.00000100000000000000, 	 0.92632945584222436963, 	 0.09397238586228651158, 	 0.06719066746922718047, 	 0.07325768955332834231
50000, 	 700, 	 0.30, 	 1800, 	 0.00001000000000000000, 	 0.93736491869486504580, 	 0.10549191779441442762, 	 0.05887039793858271641, 	 0.06725348883188030091
50000, 	 700, 	 0.30, 	 1800, 	 0.00000100000000000000, 	 0.93175720940910355949, 	 0.11053740162631231492, 	 0.06173966400992622616, 	 0.07022155116098494076
50000, 	 700, 	 0.36, 	 1700, 	 0.00001000000000000000, 	 0.77184223777228855301, 	 0.13541388135252885316, 	 0.12292079216509432804, 	 0.12791599928248451046
50000, 	 700, 	 0.36, 	 1700, 	 0.00000100000000000000, 	 0.77431444156662543321, 	 0.13895734806130349837, 	 0.12288694811406856988, 	 0.12717022128073282583
50000, 	 700, 	 0.36, 	 1750, 	 0.00001000000000000000, 	 0.67637792463665846743, 	 0.15515723569702546958, 	 0.14953919797264508817, 	 0.15232204886318054249
50000, 	 700, 	 0.36, 	 1750, 	 0.00000100000000000000, 	 0.67888304233704577229, 	 0.15869604973851283991, 	 0.14950164866293369492, 	 0.15168309797209714174
50000, 	 700, 	 0.36, 	 1800, 	 0.00001000000000000000, 	 0.56393758716932262942, 	 0.17462392585672376066, 	 0.17586304364084170970, 	 0.17680243047158519798
50000, 	 700, 	 0.36, 	 1800, 	 0.00000100000000000000, 	 0.56646594554110918374, 	 0.17813844476812440432, 	 0.17582364921140167247, 	 0.17624355864097634994
50000, 	 700, 	 0.40, 	 1700, 	 0.00001000000000000000, 	 0.21912324612692213321, 	 0.24285691067732720350, 	 0.23520617154955308914, 	 0.23724162850092975208
50000, 	 700, 	 0.40, 	 1700, 	 0.00000100000000000000, 	 0.22664202573943903474, 	 0.23893036219976068746, 	 0.23515855940625920995, 	 0.23603942653702608689
50000, 	 700, 	 0.40, 	 1750, 	 0.00001000000000000000, 	 0.03237980381718918999, 	 0.26302486272170311210, 	 0.26412229069251774716, 	 0.26400811973647386743
50000, 	 700, 	 0.40, 	 1750, 	 0.00000100000000000000, 	 0.04007185352755526786, 	 0.25893502464585482770, 	 0.26407195864802524010, 	 0.26289948102178012368
50000, 	 700, 	 0.40, 	 1800, 	 0.00001000000000000000, 	 -0.17347855829867908639, 	 0.28281463775962056850, 	 0.29270820424765647827, 	 0.29066699891788427834
50000, 	 700, 	 0.40, 	 1800, 	 0.00000100000000000000, 	 -0.16562064915181684555, 	 0.27857518357968569234, 	 0.29265095392460099832, 	 0.28963559001021210726
50000, 	 700, 	 0.45, 	 1700, 	 0.00001000000000000000, 	 -0.94755583274314791886, 	 0.38653575160796099786, 	 0.37276578400815141290, 	 0.37505665708281721304
50000, 	 700, 	 0.45, 	 1700, 	 0.00000100000000000000, 	 -0.93435663951430592000, 	 0.38200397004969682824, 	 0.37272241672243194843, 	 0.37371996610665331184
50000, 	 700, 	 0.45, 	 1750, 	 0.00001000000000000000, 	 -1.26290597110106794787, 	 0.40794778427320821379, 	 0.40442342298768885200, 	 0.40416603126683181557
50000, 	 700, 	 0.45, 	 1750, 	 0.00000100000000000000, 	 -1.24937678182671785265, 	 0.40331536376032450786, 	 0.40436717837538260767, 	 0.40289090119678183655
50000, 	 700, 	 0.45, 	 1800, 	 0.00001000000000000000, 	 -1.59980266785230496041, 	 0.42895305406814165927, 	 0.43568574740252935529, 	 0.43310113244476083905
50000, 	 700, 	 0.45, 	 1800, 	 0.00000100000000000000, 	 -1.58608897934980497268, 	 0.42435548695325037150, 	 0.43563064411630103567, 	 0.43189132204855862351
100000, 	 500, 	 0.30, 	 1700, 	 0.00001000000000000000, 	 -0.35909251852270540617, 	 0.34026745773758315661, 	 0.30411054484064153902, 	 0.31464610859950586930
100000, 	 500, 	 0.30, 	 1700, 	 0.00000100000000000000, 	 -0.37039469015579973288, 	 0.34316736593599078686, 	 0.30410790784206492843, 	 0.31598832032075069298
100000, 	 500, 	 0.30, 	 1750, 	 0.00001000000000000000, 	 -0.22868654623227824274, 	 0.32753921362052390576, 	 0.28682626623451407122, 	 0.29924599026141479596
100000, 	 500, 	 0.30, 	 1750, 	 0.00000100000000000000, 	 -0.24065493081618982707, 	 0.33061239772492889699, 	 0.28682440869526615312, 	 0.30073537607471861888
100000, 	 500, 	 0.30, 	 1800, 	 0.00001000000000000000, 	 -0.10721271508190355348, 	 0.31500115541422163412, 	 0.26969579123498271800, 	 0.28414324253398737241
100000, 	 500, 	 0.30, 	 1800, 	 0.00000100000000000000, 	 -0.11983772846156881542, 	 0.31824380384339512329, 	 0.26969567879929873255, 	 0.28579236109112504671
100000, 	 500, 	 0.36, 	 1700, 	 0.00001000000000000000, 	 0.53756789196857479585, 	 0.19632333832258760942, 	 0.17492069670127960435, 	 0.18368981543648182919
100000, 	 500, 	 0.36, 	 1700, 	 0.00000100000000000000, 	 0.53125981987610171320, 	 0.20017849443974891632, 	 0.17491782723855042736, 	 0.18496370986705393258
100000, 	 500, 	 0.36, 	 1750, 	 0.00001000000000000000, 	 0.62286378272672870970, 	 0.18169894706671255169, 	 0.15535989638831221304, 	 0.16596441320369542671
100000, 	 500, 	 0.36, 	 1750, 	 0.00000100000000000000, 	 0.61608358969138854455, 	 0.18576344211133730133, 	 0.15584198998764403621, 	 0.16747001758552956807
100000, 	 500, 	 0.36, 	 1800, 	 0.00001000000000000000, 	 0.69673973948438550075, 	 0.16730552289618905171, 	 0.13763041826090077757, 	 0.14888981387728855710
100000, 	 500, 	 0.36, 	 1800, 	 0.00000100000000000000, 	 0.68952779374525052791, 	 0.17157196602443788858, 	 0.13863885044941451352, 	 0.15066360536496281597
100000, 	 500, 	 0.40, 	 1700, 	 0.00001000000000000000, 	 0.85261440890137785154, 	 0.13593937996456789685, 	 0.09433407874245666735, 	 0.10382326123471832813
100000, 	 500, 	 0.40, 	 1700, 	 0.00000100000000000000, 	 0.85003675576076720422, 	 0.13496710455411609075, 	 0.09527593711722519287, 	 0.10473431282894342387
100000, 	 500, 	 0.40, 	 1750, 	 0.00001000000000000000, 	 0.89770432078059336778, 	 0.11968027787378229809, 	 0.07699997039028648460, 	 0.08650357303027816913
100000, 	 500, 	 0.40, 	 1750, 	 0.00000100000000000000, 	 0.89488020721333949581, 	 0.11870521474613358881, 	 0.07818902911549800716, 	 0.08768326227849984611
100000, 	 500, 	 0.40, 	 1800, 	 0.00001000000000000000, 	 0.92976592539259894643, 	 0.10370759065905085783, 	 0.06108663960824313455, 	 0.07157813281912822623
100000, 	 500, 	 0.40, 	 1800, 	 0.00000100000000000000, 	 0.92669911210222011277, 	 0.10273244295266424631, 	 0.06263414573535741603, 	 0.07310283210294665768
100000, 	 500, 	 0.45, 	 1700, 	 0.00001000000000000000, 	 0.94186424543452040847, 	 0.09559998887326898176, 	 0.05302073505506444545, 	 0.06476095807457035725
100000, 	 500, 	 0.45, 	 1700, 	 0.00000100000000000000, 	 0.94412561060230837384, 	 0.09375425694861024006, 	 0.05162420602957628474, 	 0.06341337839945310195
100000, 	 500, 	 0.45, 	 1750, 	 0.00001000000000000000, 	 0.92656169859081349838, 	 0.09055913584203015287, 	 0.06537100614895094419, 	 0.07248847486628937076
100000, 	 500, 	 0.45, 	 1750, 	 0.00000100000000000000, 	 0.92876448539647515901, 	 0.09413748639769364823, 	 0.06459819325476713614, 	 0.07129457227932026187
100000, 	 500, 	 0.45, 	 1800, 	 0.00001000000000000000, 	 0.89620345976115944886, 	 0.10798447131723273862, 	 0.08047731224501515623, 	 0.08600813858065514683
100000, 	 500, 	 0.45, 	 1800, 	 0.00000100000000000000, 	 0.89834019402000364618, 	 0.11163862946848111812, 	 0.07973345853259231064, 	 0.08501304495844545783
100000, 	 600, 	 0.30, 	 1700, 	 0.00001000000000000000, 	 0.45767161299797898266, 	 0.22129725349656623190, 	 0.18461515644377216039, 	 0.19902902046165246719
100000, 	 600, 	 0.30, 	 1700, 	 0.00000100000000000000, 	 0.44586258481819640576, 	 0.22466508228505016609, 	 0.18617805850373519982, 	 0.20120850818512847624
100000, 	 600, 	 0.30, 	 1750, 	 0.00001000000000000000, 	 0.54085265418122419057, 	 0.20666015510940100031, 	 0.16933391910094769406, 	 0.18319900013683368400
100000, 	 600, 	 0.30, 	 1750, 	 0.00000100000000000000, 	 0.52842558945891471289, 	 0.21058880897549026034, 	 0.17095481381738569793, 	 0.18567906773584560987
100000, 	 600, 	 0.30, 	 1800, 	 0.00001000000000000000, 	 0.61279086533633186917, 	 0.19258086591352022166, 	 0.15511748214716683525, 	 0.16828572301587582660
100000, 	 600, 	 0.30, 	 1800, 	 0.00000100000000000000, 	 0.59975104219875863265, 	 0.19672113240933364331, 	 0.15708660013350578266, 	 0.17110506564280331121
100000, 	 600, 	 0.36, 	 1700, 	 0.00001000000000000000, 	 0.94594676088134865832, 	 0.09475478276838050773, 	 0.05675850171149027928, 	 0.06265827555392841641
100000, 	 600, 	 0.36, 	 1700, 	 0.00000100000000000000, 	 0.94019027936828492020, 	 0.09941002949880670125, 	 0.05891857558861445660, 	 0.06589279812393372682
100000, 	 600, 	 0.36, 	 1750, 	 0.00001000000000000000, 	 0.95143105462379418125, 	 0.11174338368856108483, 	 0.04600404955030486243, 	 0.05901529372931847706
100000, 	 600, 	 0.36, 	 1750, 	 0.00000100000000000000, 	 0.94534327634993220446, 	 0.11651923414328453632, 	 0.04872958665717012222, 	 0.06260807842562321479
100000, 	 600, 	 0.36, 	 1800, 	 0.00001000000000000000, 	 0.94272609346785030127, 	 0.12850966192246915387, 	 0.04205782104783091502, 	 0.06371437712161662215
100000, 	 600, 	 0.36, 	 1800, 	 0.00000100000000000000, 	 0.93632920682725373496, 	 0.13338895097526543010, 	 0.04533541676096643214, 	 0.06720124784169835552
100000, 	 600, 	 0.40, 	 1700, 	 0.00001000000000000000, 	 0.90410598826545607309, 	 0.13267978790124179689, 	 0.07480462256601029536, 	 0.08252010690112467073
100000, 	 600, 	 0.40, 	 1700, 	 0.00000100000000000000, 	 0.90298466488523210227, 	 0.13690870747030289833, 	 0.07478705247392951339, 	 0.08293282317483555155
100000, 	 600, 	 0.40, 	 1750, 	 0.00001000000000000000, 	 0.84524135986323789549, 	 0.15122552419108514776, 	 0.10040293330449497067, 	 0.10492088159080303900
100000, 	 600, 	 0.40, 	 1750, 	 0.00000100000000000000, 	 0.84397121250591500274, 	 0.15554513755751886439, 	 0.10038655925204435782, 	 0.10528120298910545460
100000, 	 600, 	 0.40, 	 1800, 	 0.00001000000000000000, 	 0.77027559031100101272, 	 0.16953034079753975805, 	 0.12572747238327863784, 	 0.12792159748994408330
100000, 	 600, 	 0.40, 	 1800, 	 0.00000100000000000000, 	 0.76886047223582065779, 	 0.17392261652719967491, 	 0.12571133769277248460, 	 0.12824538371263410896
100000, 	 600, 	 0.45, 	 1700, 	 0.00001000000000000000, 	 0.46029050671582805165, 	 0.18668152953803834881, 	 0.19606033103548739516, 	 0.19704646394381764019
100000, 	 600, 	 0.45, 	 1700, 	 0.00000100000000000000, 	 0.46492860327709617518, 	 0.18686335776961865429, 	 0.19602627657495391711, 	 0.19611896580771778775
100000, 	 600, 	 0.45, 	 1750, 	 0.00001000000000000000, 	 0.30843305348025229495, 	 0.20364516676288094144, 	 0.22416649814191982881, 	 0.22300871574616168425
100000, 	 600, 	 0.45, 	 1750, 	 0.00000100000000000000, 	 0.31312299019725675642, 	 0.20739039887368601600, 	 0.22413342477892989058, 	 0.22217173017005020785
100000, 	 600, 	 0.45, 	 1800, 	 0.00001000000000000000, 	 0.13816271044102979015, 	 0.22377666967461484759, 	 0.25195351748318062235, 	 0.24891838263193991065
100000, 	 600, 	 0.45, 	 1800, 	 0.00000100000000000000, 	 0.14289193425488377898, 	 0.22764388912768410145, 	 0.25192011510571993282, 	 0.24815479924925698541
100000, 	 700, 	 0.30, 	 1700, 	 0.00001000000000000000, 	 0.80800014092794869569, 	 0.15167880627015123407, 	 0.10912302527403007490, 	 0.11842921084987964586
100000, 	 700, 	 0.30, 	 1700, 	 0.00000100000000000000, 	 0.79607674715987208902, 	 0.15681232534743580476, 	 0.11141779119440539669, 	 0.12203262572165399225
100000, 	 700, 	 0.30, 	 1750, 	 0.00001000000000000000, 	 0.82617127940909784733, 	 0.16831868858316562099, 	 0.09832207976371561131, 	 0.11251633291555497574
100000, 	 700, 	 0.30, 	 1750, 	 0.00000100000000000000, 	 0.81366192574199946996, 	 0.17360275384990225822, 	 0.10073112146020173074, 	 0.11647130966342564284
100000, 	 700, 	 0.30, 	 1800, 	 0.00001000000000000000, 	 0.83079081897885909136, 	 0.18467339020900377933, 	 0.09017141226806246745, 	 0.11076435216134034034
100000, 	 700, 	 0.30, 	 1800, 	 0.00000100000000000000, 	 0.81773191192852356934, 	 0.19009885539094062423, 	 0.09278589360693091648, 	 0.11493845102844371664
100000, 	 700, 	 0.36, 	 1700, 	 0.00001000000000000000, 	 0.74053826374656694931, 	 0.20006243388023375873, 	 0.12311569963270317662, 	 0.13632312842691904353
100000, 	 700, 	 0.36, 	 1700, 	 0.00000100000000000000, 	 0.73602558733106393518, 	 0.20479643344441017527, 	 0.12309521550518456867, 	 0.13745464830625708785
100000, 	 700, 	 0.36, 	 1750, 	 0.00001000000000000000, 	 0.64408042535655063432, 	 0.21913901898490434350, 	 0.14972834444221228001, 	 0.15965338361555000968
100000, 	 700, 	 0.36, 	 1750, 	 0.00000100000000000000, 	 0.63933645635058600210, 	 0.22397476509021813085, 	 0.14970862850323390925, 	 0.16066176866277984137
100000, 	 700, 	 0.36, 	 1800, 	 0.00001000000000000000, 	 0.53076141342363669651, 	 0.23790112380166580919, 	 0.17604698063049789569, 	 0.18331807009857750690
100000, 	 700, 	 0.36, 	 1800, 	 0.00000100000000000000, 	 0.52578748100380001684, 	 0.24282067670247123314, 	 0.17603006614855731815, 	 0.18423292346154465648
100000, 	 700, 	 0.40, 	 1700, 	 0.00001000000000000000, 	 0.24050508039893048196, 	 0.23859868265032974088, 	 0.23536386877984730170, 	 0.23375996537524498797
100000, 	 700, 	 0.40, 	 1700, 	 0.00000100000000000000, 	 0.24126416803900652130, 	 0.24309965373280453815, 	 0.23535704106212573805, 	 0.23357758446173348954
100000, 	 700, 	 0.40, 	 1750, 	 0.00001000000000000000, 	 0.05271103453262138139, 	 0.25948649396871820150, 	 0.26427724272026814623, 	 0.26102821794932185018
100000, 	 700, 	 0.40, 	 1750, 	 0.00000100000000000000, 	 0.05342387764408063067, 	 0.26405587435386329576, 	 0.26426996254387624674, 	 0.26086398734558408075
100000, 	 700, 	 0.40, 	 1800, 	 0.00001000000000000000, 	 -0.15405923807372245982, 	 0.28006996523067112514, 	 0.29285485105447450760, 	 0.28807959983702613460
100000, 	 700, 	 0.40, 	 1800, 	 0.00000100000000000000, 	 -0.15338977439567691441, 	 0.28468914587943150440, 	 0.29284710133536628884, 	 0.28792998107977380018
100000, 	 700, 	 0.45, 	 1700, 	 0.00001000000000000000, 	 -0.86519860049496566390, 	 0.34439827169690723219, 	 0.37289232662580118483, 	 0.36685066108945363350
100000, 	 700, 	 0.45, 	 1700, 	 0.00000100000000000000, 	 -0.85805693502468916023, 	 0.34049391592208566593, 	 0.37288119827994081756, 	 0.36607863429098991270
100000, 	 700, 	 0.45, 	 1750, 	 0.00001000000000000000, 	 -1.18187027048996196044, 	 0.36607929113963871837, 	 0.40454243357225844191, 	 0.39668987477936362707
100000, 	 700, 	 0.45, 	 1750, 	 0.00000100000000000000, 	 -1.17455349703046474374, 	 0.36202363088396732893, 	 0.40452794613622400366, 	 0.39595424795854672340
100000, 	 700, 	 0.45, 	 1800, 	 0.00001000000000000000, 	 -1.52008502231625097778, 	 0.38749931449199193079, 	 0.43580974877361161601, 	 0.42625280223704731242
100000, 	 700, 	 0.45, 	 1800, 	 0.00000100000000000000, 	 -1.51254516974674357854, 	 0.38307834934826484607, 	 0.43578797066585350795, 	 0.42554435933103862411
150000, 	 500, 	 0.30, 	 1700, 	 0.00001000000000000000, 	 -0.47975613751129908557, 	 0.36487661118933395477, 	 0.30451698667335191928, 	 0.32865515593369737379
150000, 	 500, 	 0.30, 	 1700, 	 0.00000100000000000000, 	 -0.49490337589190191991, 	 0.36857877005060107889, 	 0.30514986046356407101, 	 0.33037581600606530374
150000, 	 500, 	 0.30, 	 1750, 	 0.00001000000000000000, 	 -0.35086651222179954246, 	 0.35286784695284051372, 	 0.28914187211728559213, 	 0.31408285615421327464
150000, 	 500, 	 0.30, 	 1750, 	 0.00000100000000000000, 	 -0.36696742570597939981, 	 0.35679568191556126910, 	 0.29009533687336030994, 	 0.31598886978109103074
150000, 	 500, 	 0.30, 	 1800, 	 0.00001000000000000000, 	 -0.23082649669242893964, 	 0.34101146151286909625, 	 0.27439429589857944336, 	 0.29986561984915277579
150000, 	 500, 	 0.30, 	 1800, 	 0.00000100000000000000, 	 -0.24774120232504737160, 	 0.34516481595428916140, 	 0.27551149506716843263, 	 0.30195482446366200824
150000, 	 500, 	 0.36, 	 1700, 	 0.00001000000000000000, 	 0.46689982730964785240, 	 0.22858100470515360647, 	 0.18229946742407110438, 	 0.19740373398697788621
150000, 	 500, 	 0.36, 	 1700, 	 0.00000100000000000000, 	 0.45519668513338262805, 	 0.23286133183719079365, 	 0.18364314311646226519, 	 0.19957955521550113653
150000, 	 500, 	 0.36, 	 1750, 	 0.00001000000000000000, 	 0.55070063289655379890, 	 0.21467265600337828713, 	 0.16656702180848309558, 	 0.18127408665595759474
150000, 	 500, 	 0.36, 	 1750, 	 0.00000100000000000000, 	 0.53835008524802452357, 	 0.21918181228005781391, 	 0.16818144239340623858, 	 0.18376064283857759807
150000, 	 500, 	 0.36, 	 1800, 	 0.00001000000000000000, 	 0.62322276011739818902, 	 0.20101831543045162176, 	 0.15158118365264536265, 	 0.16602530076459462438
150000, 	 500, 	 0.36, 	 1800, 	 0.00000100000000000000, 	 0.61026086654937417020, 	 0.20582091064249047330, 	 0.15344195163677917804, 	 0.16885828211908934793
150000, 	 500, 	 0.40, 	 1700, 	 0.00001000000000000000, 	 0.82036404352813996343, 	 0.13802538851972379064, 	 0.10689741113761895563, 	 0.11463271728615112566
150000, 	 500, 	 0.40, 	 1700, 	 0.00000100000000000000, 	 0.81260292237641684743, 	 0.14261171289100024739, 	 0.10858636972539449650, 	 0.11707470669101549543
150000, 	 500, 	 0.40, 	 1750, 	 0.00001000000000000000, 	 0.86414295134139729182, 	 0.12319138049964627191, 	 0.09156096965158412593, 	 0.09961546759940761997
150000, 	 500, 	 0.40, 	 1750, 	 0.00000100000000000000, 	 0.85594958325552883416, 	 0.12803991494184499556, 	 0.09353129409094063096, 	 0.10255167882981915117
150000, 	 500, 	 0.40, 	 1800, 	 0.00001000000000000000, 	 0.89497909434009048635, 	 0.10855722661433783727, 	 0.07755456861830438420, 	 0.08739153769030244545
150000, 	 500, 	 0.40, 	 1800, 	 0.00000100000000000000, 	 0.88634363098316770735, 	 0.11366080109369905426, 	 0.07982755897056223460, 	 0.09088019106838425565
150000, 	 500, 	 0.45, 	 1700, 	 0.00001000000000000000, 	 0.95794106316323224259, 	 0.10552317790147433541, 	 0.04097588350742852742, 	 0.05455807493772473621
150000, 	 500, 	 0.45, 	 1700, 	 0.00000100000000000000, 	 0.95505517963240682544, 	 0.10961155081610020334, 	 0.04259573943405271096, 	 0.05634441199509978432
150000, 	 500, 	 0.45, 	 1750, 	 0.00001000000000000000, 	 0.94133047084395005122, 	 0.12284548522414187599, 	 0.04944858528748845988, 	 0.06418070916977201834
150000, 	 500, 	 0.45, 	 1750, 	 0.00000100000000000000, 	 0.93818291590924807188, 	 0.12707205068337851239, 	 0.05075640174705574326, 	 0.06581804166234665743
150000, 	 500, 	 0.45, 	 1800, 	 0.00001000000000000000, 	 0.90975327055033128332, 	 0.13997170908679595902, 	 0.06608677675806211294, 	 0.07961155551947381170
150000, 	 500, 	 0.45, 	 1800, 	 0.00000100000000000000, 	 0.90633951588513494979, 	 0.14433180974971682176, 	 0.06594212805726418214, 	 0.08102955574496592539
150000, 	 600, 	 0.30, 	 1700, 	 0.00001000000000000000, 	 0.30831923934135019305, 	 0.25981121369330456572, 	 0.20847194427284282403, 	 0.22494255271720023370
150000, 	 600, 	 0.30, 	 1700, 	 0.00000100000000000000, 	 0.29165499136275296888, 	 0.26448414817487880812, 	 0.21045564619478265844, 	 0.22764269185571664456
150000, 	 600, 	 0.30, 	 1750, 	 0.00001000000000000000, 	 0.38979878725283156893, 	 0.24691563966616786319, 	 0.19519570332968880222, 	 0.21128572796519615173
150000, 	 600, 	 0.30, 	 1750, 	 0.00000100000000000000, 	 0.37210059488653057791, 	 0.25184863524257006251, 	 0.19754974653443840849, 	 0.21432265379510928582
150000, 	 600, 	 0.30, 	 1800, 	 0.00001000000000000000, 	 0.46014695603066324558, 	 0.23416127618631230045, 	 0.18279802787951396348, 	 0.19870984883753062267
150000, 	 600, 	 0.30, 	 1800, 	 0.00000100000000000000, 	 0.44149650427897491056, 	 0.23934976861267884263, 	 0.18524787425056984946, 	 0.20209490318308490076
150000, 	 600, 	 0.36, 	 1700, 	 0.00001000000000000000, 	 0.85366270016653666985, 	 0.15254930923265899723, 	 0.08865516557322235258, 	 0.10302034954350700047
150000, 	 600, 	 0.36, 	 1700, 	 0.00000100000000000000, 	 0.84216842271706426892, 	 0.15802971107075411417, 	 0.09128279017686610763, 	 0.10694867254794671041
150000, 	 600, 	 0.36, 	 1750, 	 0.00001000000000000000, 	 0.85771385556997392641, 	 0.16934820114462947882, 	 0.07886774925751334486, 	 0.10124261689561912803
150000, 	 600, 	 0.36, 	 1750, 	 0.00000100000000000000, 	 0.84561340637522275365, 	 0.17501481352609968289, 	 0.08157217662291012250, 	 0.10542131363805720690
150000, 	 600, 	 0.36, 	 1800, 	 0.00001000000000000000, 	 0.84770990122290457158, 	 0.18591325455207630135, 	 0.07407020431879481059, 	 0.10439388637319622910
150000, 	 600, 	 0.36, 	 1800, 	 0.00000100000000000000, 	 0.83500460353236660715, 	 0.19175427141683465404, 	 0.07798162439026011528, 	 0.10862854214149621213
150000, 	 600, 	 0.40, 	 1700, 	 0.00001000000000000000, 	 0.85691324237002186592, 	 0.18313995477419867108, 	 0.07620697634118507591, 	 0.10075026580376811314
150000, 	 600, 	 0.40, 	 1700, 	 0.00000100000000000000, 	 0.84978654170735190565, 	 0.18818727434615536986, 	 0.07761836904479470223, 	 0.10317823122349620291
150000, 	 600, 	 0.40, 	 1750, 	 0.00001000000000000000, 	 0.79666453894935285174, 	 0.20139626395297396955, 	 0.10048689186588236066, 	 0.12012714426622032871
150000, 	 600, 	 0.40, 	 1750, 	 0.00000100000000000000, 	 0.78914903643965716995, 	 0.20660105495398603526, 	 0.10044876159845131380, 	 0.12226398743914060341
150000, 	 600, 	 0.40, 	 1800, 	 0.00001000000000000000, 	 0.72045801376259732685, 	 0.21940176188224952414, 	 0.12579435955457068941, 	 0.14091804630439205837
150000, 	 600, 	 0.40, 	 1800, 	 0.00000100000000000000, 	 0.71254552023608652700, 	 0.22474588285170654656, 	 0.12576774003830570869, 	 0.14282582496515014436
150000, 	 600, 	 0.45, 	 1700, 	 0.00001000000000000000, 	 0.46928732888627833209, 	 0.22537462349586190324, 	 0.19608821395474029803, 	 0.19500009158578010537
150000, 	 600, 	 0.45, 	 1700, 	 0.00000100000000000000, 	 0.46786311711755079745, 	 0.22993983480918567253, 	 0.19608595981777585116, 	 0.19516695293577007719
150000, 	 600, 	 0.45, 	 1750, 	 0.00001000000000000000, 	 0.31602035434835518135, 	 0.24545618442650946056, 	 0.22419152106630516053, 	 0.22139975808172265848
150000, 	 600, 	 0.45, 	 1750, 	 0.00000100000000000000, 	 0.31443293136859662429, 	 0.25014340796104189701, 	 0.22418766100377582329, 	 0.22156133754448495421
150000, 	 600, 	 0.45, 	 1800, 	 0.00001000000000000000, 	 0.14442974564885602273, 	 0.26526183106866518813, 	 0.25197848205212103334, 	 0.24764466327666354029
150000, 	 600, 	 0.45, 	 1800, 	 0.00000100000000000000, 	 0.14267986523281084299, 	 0.27005563880260863296, 	 0.25197396361043644664, 	 0.24780152184151105210
150000, 	 700, 	 0.30, 	 1700, 	 0.00001000000000000000, 	 0.62804419830363245048, 	 0.22753929604541769938, 	 0.14605116190638892104, 	 0.16455554514908679598
150000, 	 700, 	 0.30, 	 1700, 	 0.00000100000000000000, 	 0.61054269075333023054, 	 0.23221829440620200824, 	 0.14840147512815302089, 	 0.16832160976057947144
150000, 	 700, 	 0.30, 	 1750, 	 0.00001000000000000000, 	 0.64437180408541139265, 	 0.24423383686726721220, 	 0.13557389122430330008, 	 0.16064908669121763518
150000, 	 700, 	 0.30, 	 1750, 	 0.00000100000000000000, 	 0.62595658584094437948, 	 0.24907927183442254981, 	 0.13814981903455864076, 	 0.16468431303650146735
150000, 	 700, 	 0.30, 	 1800, 	 0.00001000000000000000, 	 0.64733344083225408117, 	 0.26061321319293656584, 	 0.12593924056181163285, 	 0.15968614669142144891
150000, 	 700, 	 0.30, 	 1800, 	 0.00000100000000000000, 	 0.62804125095045693072, 	 0.26561018517020323904, 	 0.12845652922770939286, 	 0.16391660383224770925
150000, 	 700, 	 0.36, 	 1700, 	 0.00001000000000000000, 	 0.62618672373988903956, 	 0.27050127735604234669, 	 0.12349498219212237671, 	 0.16349742926787039221
150000, 	 700, 	 0.36, 	 1700, 	 0.00000100000000000000, 	 0.61500282020862617749, 	 0.27560516009894386880, 	 0.12460184988401450112, 	 0.16584521633062418444
150000, 	 700, 	 0.36, 	 1750, 	 0.00001000000000000000, 	 0.52827089438497054630, 	 0.28943339028515679967, 	 0.14977892738157810859, 	 0.18361269894613432840
150000, 	 700, 	 0.36, 	 1750, 	 0.00000100000000000000, 	 0.51650388289867921188, 	 0.29470262498353178016, 	 0.14979119504341778524, 	 0.18580088204465150525
150000, 	 700, 	 0.36, 	 1800, 	 0.00001000000000000000, 	 0.41364512538897268978, 	 0.30803983495176934237, 	 0.17608983728233723598, 	 0.20468852015108282560
150000, 	 700, 	 0.36, 	 1800, 	 0.00000100000000000000, 	 0.40126848782910051749, 	 0.31346166777348655197, 	 0.17611965964516659855, 	 0.20674316288358388083
150000, 	 700, 	 0.40, 	 1700, 	 0.00001000000000000000, 	 0.17731054093551035233, 	 0.29958972724640603458, 	 0.23542486199433190763, 	 0.24293657590829187409
150000, 	 700, 	 0.40, 	 1700, 	 0.00000100000000000000, 	 0.17157796783468781676, 	 0.30454002744770825029, 	 0.23537096215721106662, 	 0.24368739344446369022
150000, 	 700, 	 0.40, 	 1750, 	 0.00001000000000000000, 	 -0.01183500135291515321, 	 0.32004755676306723133, 	 0.26432925205597102014, 	 0.26941904798249560749
150000, 	 700, 	 0.40, 	 1750, 	 0.00000100000000000000, 	 -0.01784651762258460117, 	 0.32514010429430229010, 	 0.26427397426175125439, 	 0.27012038379576241987
150000, 	 700, 	 0.40, 	 1800, 	 0.00001000000000000000, 	 -0.21962865672044751264, 	 0.34016056487530721419, 	 0.29287498651223431434, 	 0.29579534220131142863
150000, 	 700, 	 0.40, 	 1800, 	 0.00000100000000000000, 	 -0.22612902053662820023, 	 0.34538021513257211037, 	 0.29284693317226290210, 	 0.29648198687717347566
150000, 	 700, 	 0.45, 	 1700, 	 0.00001000000000000000, 	 -0.86508837900962975986, 	 0.34314083856715726917, 	 0.37294966771668441874, 	 0.36648305373313738720
150000, 	 700, 	 0.45, 	 1700, 	 0.00000100000000000000, 	 -0.86392347107035538656, 	 0.34802280328867651882, 	 0.37289126530533395210, 	 0.36627646370972027912
150000, 	 700, 	 0.45, 	 1750, 	 0.00001000000000000000, 	 -1.18309547805746984039, 	 0.36567839119719497409, 	 0.40458669466253271985, 	 0.39645469042189196429
150000, 	 700, 	 0.45, 	 1750, 	 0.00000100000000000000, 	 -1.18198309041027505017, 	 0.37066923741465307440, 	 0.40452942978974548716, 	 0.39625952777727246890
150000, 	 700, 	 0.45, 	 1800, 	 0.00001000000000000000, 	 -1.52224955786857796269, 	 0.38787723957980141387, 	 0.43582310072976804260, 	 0.42609982321781220138
150000, 	 700, 	 0.45, 	 1800, 	 0.00000100000000000000, 	 -1.52142698079299698577, 	 0.39295773219170543333, 	 0.43578472204854012961, 	 0.42593491178739001368
200000, 	 500, 	 0.30, 	 1700, 	 0.00001000000000000000, 	 -0.64028325835085597717, 	 0.39640865093554650267, 	 0.31716451511517351758, 	 0.34630046795620339495
200000, 	 500, 	 0.30, 	 1700, 	 0.00000100000000000000, 	 -0.65831809253976114604, 	 0.40020505685914536942, 	 0.31843015701208882140, 	 0.34822893932628640190
200000, 	 500, 	 0.30, 	 1750, 	 0.00001000000000000000, 	 -0.51339691126592246206, 	 0.38479844096286691668, 	 0.30363988301113575830, 	 0.33267834644395744004
200000, 	 500, 	 0.30, 	 1750, 	 0.00000100000000000000, 	 -0.53247076983940599959, 	 0.38881928316675995472, 	 0.30529709432846691142, 	 0.33479190880266318509
200000, 	 500, 	 0.30, 	 1800, 	 0.00001000000000000000, 	 -0.39524555649870563023, 	 0.37331828748297318787, 	 0.29095054937087955205, 	 0.31946065072153989606
200000, 	 500, 	 0.30, 	 1800, 	 0.00000100000000000000, 	 -0.41531594695637852332, 	 0.37755885820648504847, 	 0.29271691366885443930, 	 0.32176643183167230600
200000, 	 500, 	 0.36, 	 1700, 	 0.00001000000000000000, 	 0.34783098788764543752, 	 0.26407018649174279767, 	 0.19988471880924599255, 	 0.21843085701700740153
200000, 	 500, 	 0.36, 	 1700, 	 0.00000100000000000000, 	 0.33248132094601245967, 	 0.26809607099259763485, 	 0.20181150382093671070, 	 0.22098680446868368410
200000, 	 500, 	 0.36, 	 1750, 	 0.00001000000000000000, 	 0.43002564234924733899, 	 0.25081808963853496897, 	 0.18643554311993126849, 	 0.20419396573988332633
200000, 	 500, 	 0.36, 	 1750, 	 0.00000100000000000000, 	 0.41408318402544674885, 	 0.25507461337957265668, 	 0.18861692534822183109, 	 0.20701797140030539501
200000, 	 500, 	 0.36, 	 1800, 	 0.00001000000000000000, 	 0.50107424151704949011, 	 0.23771811487118091333, 	 0.17327787516549353342, 	 0.19100031348298232570
200000, 	 500, 	 0.36, 	 1800, 	 0.00000100000000000000, 	 0.48440553988372825334, 	 0.24220030945184575777, 	 0.17553021734022900002, 	 0.19413889687212540491
200000, 	 500, 	 0.40, 	 1700, 	 0.00001000000000000000, 	 0.73890937302086934224, 	 0.17591437286710578936, 	 0.12669666987399824665, 	 0.13809504591625332282
200000, 	 500, 	 0.40, 	 1700, 	 0.00000100000000000000, 	 0.72661175383324594357, 	 0.18005714129861802308, 	 0.12910320352368270802, 	 0.14127639691581395098
200000, 	 500, 	 0.40, 	 1750, 	 0.00001000000000000000, 	 0.78110213262333672013, 	 0.16139414986320554934, 	 0.11365634375121885791, 	 0.12627248648140226850
200000, 	 500, 	 0.40, 	 1750, 	 0.00000100000000000000, 	 0.76808175894197328049, 	 0.16577731720155883255, 	 0.11616376565649480512, 	 0.12992593331275287261
200000, 	 500, 	 0.40, 	 1800, 	 0.00001000000000000000, 	 0.81047074306830713120, 	 0.14757052387327448950, 	 0.10148182185039168746, 	 0.11722886839072693688
200000, 	 500, 	 0.40, 	 1800, 	 0.00000100000000000000, 	 0.79670978504398548559, 	 0.15296798362651223280, 	 0.10429735457010091970, 	 0.12135422954418458030
200000, 	 500, 	 0.45, 	 1700, 	 0.00001000000000000000, 	 0.92454994859662087414, 	 0.14645430469109402272, 	 0.05072167808392528954, 	 0.07306749773395983250
200000, 	 500, 	 0.45, 	 1700, 	 0.00000100000000000000, 	 0.91688545320065262256, 	 0.15112093862206829598, 	 0.05356223551699326041, 	 0.07666225780871446793
200000, 	 500, 	 0.45, 	 1750, 	 0.00001000000000000000, 	 0.90654003622538992246, 	 0.16369878644021765290, 	 0.05664154868358330097, 	 0.08101938281686532628
200000, 	 500, 	 0.45, 	 1750, 	 0.00000100000000000000, 	 0.89834938126499364053, 	 0.16853700332215970636, 	 0.06015996492388533262, 	 0.08446118955617835933
200000, 	 500, 	 0.45, 	 1800, 	 0.00001000000000000000, 	 0.87364697052865669669, 	 0.18071836511019442884, 	 0.06990078757392889641, 	 0.09412779526654166395
200000, 	 500, 	 0.45, 	 1800, 	 0.00000100000000000000, 	 0.86497150898995300849, 	 0.18571464610852495003, 	 0.07239623046914536730, 	 0.09724812861391717023
200000, 	 600, 	 0.30, 	 1700, 	 0.00001000000000000000, 	 0.10640757412353019085, 	 0.29933708469093078808, 	 0.23739337050619024883, 	 0.25561301827051502444
200000, 	 600, 	 0.30, 	 1700, 	 0.00000100000000000000, 	 0.08641093205151306744, 	 0.30337463406466064209, 	 0.23947956712384052547, 	 0.25842209249401060234
200000, 	 600, 	 0.30, 	 1750, 	 0.00001000000000000000, 	 0.18569079164600466036, 	 0.28653994761261397661, 	 0.22502647950931958798, 	 0.24392688036074147706
200000, 	 600, 	 0.30, 	 1750, 	 0.00000100000000000000, 	 0.16459728642856397141, 	 0.29079792773295043418, 	 0.22755403208939159465, 	 0.24701441706241086815
200000, 	 600, 	 0.30, 	 1800, 	 0.00001000000000000000, 	 0.25401915140432385076, 	 0.27387502218652109987, 	 0.21379079684031251918, 	 0.23334887901156745049
200000, 	 600, 	 0.30, 	 1800, 	 0.00000100000000000000, 	 0.23182627599666161267, 	 0.27834683388660952374, 	 0.21625003066682643715, 	 0.23672568150661946196
200000, 	 600, 	 0.36, 	 1700, 	 0.00001000000000000000, 	 0.70218367690320526719, 	 0.21598335021432638059, 	 0.12414941217088383552, 	 0.14677083231750107095
200000, 	 600, 	 0.36, 	 1700, 	 0.00000100000000000000, 	 0.68632269959844394158, 	 0.22139077074833879433, 	 0.12659919717120193816, 	 0.15054843046940402651
200000, 	 600, 	 0.36, 	 1750, 	 0.00001000000000000000, 	 0.70452779146193855730, 	 0.23284222416077640649, 	 0.11466522785878861812, 	 0.14583689479625064345
200000, 	 600, 	 0.36, 	 1750, 	 0.00000100000000000000, 	 0.68777558992815690520, 	 0.23845958920115400970, 	 0.11735390571291397233, 	 0.14982588487770009955
200000, 	 600, 	 0.36, 	 1800, 	 0.00001000000000000000, 	 0.69291168051349694146, 	 0.24942931161966222509, 	 0.10696365009766517495, 	 0.14832456211000413782
200000, 	 600, 	 0.36, 	 1800, 	 0.00000100000000000000, 	 0.67532998204393479558, 	 0.25524463154984883273, 	 0.11026734427558138041, 	 0.15241699832766292255
200000, 	 600, 	 0.40, 	 1700, 	 0.00001000000000000000, 	 0.74792009392292879699, 	 0.23838506548452625955, 	 0.09601239447689351170, 	 0.13385610387405785793
200000, 	 600, 	 0.40, 	 1700, 	 0.00000100000000000000, 	 0.73549852673900550926, 	 0.24394201193865577837, 	 0.09902716072015238513, 	 0.13703552070857136225
200000, 	 600, 	 0.40, 	 1750, 	 0.00001000000000000000, 	 0.68610454198014458882, 	 0.25658151658135369688, 	 0.11228725964416996774, 	 0.14926811897200811807
200000, 	 600, 	 0.40, 	 1750, 	 0.00000100000000000000, 	 0.67314176303078188113, 	 0.26229767392481934118, 	 0.11487193796879789642, 	 0.15222781233748700069
200000, 	 600, 	 0.40, 	 1800, 	 0.00001000000000000000, 	 0.60850558138021426657, 	 0.27449171259097537856, 	 0.13046807156038317532, 	 0.16667414239705416468
200000, 	 600, 	 0.40, 	 1800, 	 0.00000100000000000000, 	 0.59498764228599898551, 	 0.28037285752074014855, 	 0.13237397282270318977, 	 0.16942382651666015869
200000, 	 600, 	 0.45, 	 1700, 	 0.00001000000000000000, 	 0.41679122000235924173, 	 0.27298057679453779922, 	 0.19610507041415756180, 	 0.20402009057705372541
200000, 	 600, 	 0.45, 	 1700, 	 0.00000100000000000000, 	 0.41017332172124698619, 	 0.27816611412885822174, 	 0.19603440050072148959, 	 0.20504665839797417415
200000, 	 600, 	 0.45, 	 1750, 	 0.00001000000000000000, 	 0.26210656773653462359, 	 0.29284930908265244254, 	 0.22420068658291358865, 	 0.22955141675063356344
200000, 	 600, 	 0.45, 	 1750, 	 0.00000100000000000000, 	 0.25513977077901439650, 	 0.29819611691732328396, 	 0.22413083177859474682, 	 0.23050128912643733092
200000, 	 600, 	 0.45, 	 1800, 	 0.00001000000000000000, 	 0.08922721221034146666, 	 0.31242690590800903383, 	 0.25198005644993359819, 	 0.25509116877171222892
200000, 	 600, 	 0.45, 	 1800, 	 0.00000100000000000000, 	 0.08192236769354943604, 	 0.31792710436383658790, 	 0.25191234076007829046, 	 0.25597909885214675807
200000, 	 700, 	 0.30, 	 1700, 	 0.00001000000000000000, 	 0.38376700017755593919, 	 0.30357883950889608116, 	 0.18330662636345554373, 	 0.21130705706895286378
200000, 	 700, 	 0.30, 	 1700, 	 0.00000100000000000000, 	 0.36232376951996247971, 	 0.30875978386584856938, 	 0.18583869225775340173, 	 0.21482858719676542480
200000, 	 700, 	 0.30, 	 1750, 	 0.00001000000000000000, 	 0.39789404854890186858, 	 0.32025140043172889426, 	 0.17304688824839303818, 	 0.20853863227002455982
200000, 	 700, 	 0.30, 	 1750, 	 0.00000100000000000000, 	 0.37552697078541119602, 	 0.32563386932637311544, 	 0.17552924832633623464, 	 0.21223611621543578276
200000, 	 700, 	 0.30, 	 1800, 	 0.00001000000000000000, 	 0.39867269018691231519, 	 0.33661718287983627418, 	 0.16348167467468513459, 	 0.20805684034766946944
200000, 	 700, 	 0.30, 	 1800, 	 0.00000100000000000000, 	 0.37555434386755848220, 	 0.34219753700537297592, 	 0.16610818625512815960, 	 0.21186150283327737087
200000, 	 700, 	 0.36, 	 1700, 	 0.00001000000000000000, 	 0.43977299310413497935, 	 0.34311843109037820643, 	 0.14289680749092034673, 	 0.19994553435630049720
200000, 	 700, 	 0.36, 	 1700, 	 0.00000100000000000000, 	 0.42382942173610660408, 	 0.34803334787018513907, 	 0.14543557273541254937, 	 0.20263440610456087687
200000, 	 700, 	 0.36, 	 1750, 	 0.00001000000000000000, 	 0.34008292775996284973, 	 0.36202842755589992318, 	 0.16024708685974348166, 	 0.21690127375211179506
200000, 	 700, 	 0.36, 	 1750, 	 0.00000100000000000000, 	 0.32339085302087200446, 	 0.36712755477423547612, 	 0.16242098238918120656, 	 0.21947888248520933119
200000, 	 700, 	 0.36, 	 1800, 	 0.00001000000000000000, 	 0.22386118157981915733, 	 0.38059878749656311792, 	 0.17984773063590894782, 	 0.23516787193030389003
200000, 	 700, 	 0.36, 	 1800, 	 0.00000100000000000000, 	 0.20648228915841737585, 	 0.38587228835950593275, 	 0.18140681234292099777, 	 0.23762658578432666046
200000, 	 700, 	 0.40, 	 1700, 	 0.00001000000000000000, 	 0.04042183471076943313, 	 0.36765095166648958935, 	 0.23536128662448330129, 	 0.26193089537919828080
200000, 	 700, 	 0.40, 	 1700, 	 0.00000100000000000000, 	 0.02860581593415179036, 	 0.37274669497938028861, 	 0.23538018887818104585, 	 0.26340564148333023287
200000, 	 700, 	 0.40, 	 1750, 	 0.00001000000000000000, 	 -0.15013115494043360876, 	 0.38798672890003987890, 	 0.26426250284316787909, 	 0.28677836258949490622
200000, 	 700, 	 0.40, 	 1750, 	 0.00000100000000000000, 	 -0.16259914822984389282, 	 0.39326546244557036847, 	 0.26429452000908931764, 	 0.28818871696487413647
200000, 	 700, 	 0.40, 	 1800, 	 0.00001000000000000000, 	 -0.35940777173316718063, 	 0.40796765899055725813, 	 0.29283647246470306813, 	 0.31180561951657109754
200000, 	 700, 	 0.40, 	 1800, 	 0.00000100000000000000, 	 -0.37249983466934466492, 	 0.41341804500616358142, 	 0.29287498083142204930, 	 0.31315749664724779056
200000, 	 700, 	 0.45, 	 1700, 	 0.00001000000000000000, 	 -0.93707424396362326569, 	 0.40045468297033137706, 	 0.37286047731735671995, 	 0.37300766617624614430
200000, 	 700, 	 0.45, 	 1700, 	 0.00000100000000000000, 	 -0.94306663044453253875, 	 0.40543186195669278504, 	 0.37291843293278109650, 	 0.37345796663829083917
200000, 	 700, 	 0.45, 	 1750, 	 0.00001000000000000000, 	 -1.25645853682522989914, 	 0.42261795655656769766, 	 0.40450194686945695199, 	 0.40258075762001382936
200000, 	 700, 	 0.45, 	 1750, 	 0.00000100000000000000, 	 -1.26312767655297131242, 	 0.42774223305041403353, 	 0.40459153315742890644, 	 0.40304624833754615354
200000, 	 700, 	 0.45, 	 1800, 	 0.00001000000000000000, 	 -1.59728746799946863533, 	 0.44439858749464200560, 	 0.43578027850250178332, 	 0.43191422005430429865
200000, 	 700, 	 0.45, 	 1800, 	 0.00000100000000000000, 	 -1.60427636754643687667, 	 0.44966362772803436521, 	 0.43586399497521921553, 	 0.43236264483476383180
210000, 	 300, 	 0.44, 	 7000, 	 0.00000100000000000000, 	 -5.38461602990346666076, 	 0.62437021301451178790, 	 0.68262633646589920833, 	 0.67478064652822467018
210000, 	 300, 	 0.44, 	 7000, 	 0.00000100000000000000, 	 -5.38461602990346666076, 	 0.62437021301451178790, 	 0.68262633646589920833, 	 0.67478064652822467018
260000, 	 300, 	 0.50, 	 5000, 	 0.00000100000000000000, 	 -3.26660063025284941318, 	 0.53908288350666788702, 	 0.55483974814870118397, 	 0.55113595016844496577
260000, 	 700, 	 0.50, 	 5000, 	 0.00000100000000000000, 	 -55.49105462703309399330, 	 1.56307155552950716171, 	 2.08979765515073934168, 	 2.01521393798497605587
260000, 	 700, 	 0.50, 	 1000, 	 0.00000100000000000000, 	 0.86690243931862087656, 	 0.12283076852679056246, 	 0.08711322568114768239, 	 0.09867691182446508558
310000, 	 300, 	 0.50, 	 5000, 	 0.00000100000000000000, 	 -3.30741299746729211506, 	 0.56312946036908895220, 	 0.55446364981351559109, 	 0.55341855103026760254
310000, 	 300, 	 0.50, 	 5000, 	 0.00000100000000000000, 	 -3.30741299746729211506, 	 0.56312946036908895220, 	 0.55446364981351559109, 	 0.55341855103026760254
310000, 	 700, 	 0.50, 	 5000, 	 0.00000100000000000000, 	 -55.58405951327598870648, 	 1.60648296976657189994, 	 2.08917889573920279034, 	 2.01630653998915487790
310000, 	 700, 	 0.50, 	 5000, 	 0.00000100000000000000, 	 -55.58405951327598870648, 	 1.60648296976657189994, 	 2.08917889573920279034, 	 2.01630653998915487790
310000, 	 300, 	 0.50, 	 5000, 	 0.00000100000000000000, 	 -3.30741299746729211506, 	 0.56312946036908895220, 	 0.55446364981351559109, 	 0.55341855103026760254
310000, 	 300, 	 0.50, 	 5000, 	 0.00000100000000000000, 	 -3.30741299746729211506, 	 0.56312946036908895220, 	 0.55446364981351559109, 	 0.55341855103026760254
310000, 	 700, 	 0.50, 	 5000, 	 0.00000100000000000000, 	 -55.58405951327598870648, 	 1.60648296976657189994, 	 2.08917889573920279034, 	 2.01630653998915487790
310000, 	 700, 	 0.50, 	 1000, 	 0.00000100000000000000, 	 0.75101762228439750135, 	 0.18129938727601677129, 	 0.12559518431372329594, 	 0.13483669463228961649
310000, 	 700, 	 0.50, 	 1000, 	 0.00000100000000000000, 	 0.75101762228439750135, 	 0.18129938727601677129, 	 0.12559518431372329594, 	 0.13483669463228961649
310000, 	 700, 	 0.50, 	 1000, 	 0.00000100000000000000, 	 0.75101762228439750135, 	 0.18129938727601677129, 	 0.12559518431372329594, 	 0.13483669463228961649
310000, 	 700, 	 0.50, 	 5000, 	 0.00000100000000000000, 	 -55.58405951327598870648, 	 1.60648296976657189994, 	 2.08917889573920279034, 	 2.01630653998915487790
310000, 	 300, 	 0.50, 	 5000, 	 0.00000100000000000000, 	 -3.30741299746729211506, 	 0.56312946036908895220, 	 0.55446364981351559109, 	 0.55341855103026760254
310000, 	 300, 	 0.50, 	 5000, 	 0.00000100000000000000, 	 -3.30741299746729211506, 	 0.56312946036908895220, 	 0.55446364981351559109, 	 0.55341855103026760254
310000, 	 700, 	 0.50, 	 5000, 	 0.00000100000000000000, 	 -55.58405951327598870648, 	 1.60648296976657189994, 	 2.08917889573920279034, 	 2.01630653998915487790
310000, 	 700, 	 0.50, 	 1000, 	 0.00000100000000000000, 	 0.75101762228439750135, 	 0.18129938727601677129, 	 0.12559518431372329594, 	 0.13483669463228961649
310000, 	 700, 	 0.50, 	 1000, 	 0.00000100000000000000, 	 0.75101762228439750135, 	 0.18129938727601677129, 	 0.12559518431372329594, 	 0.13483669463228961649
310000, 	 700, 	 0.50, 	 5000, 	 0.00000100000000000000, 	 -55.58405951327598870648, 	 1.60648296976657189994, 	 2.08917889573920279034, 	 2.01630653998915487790
310000, 	 700, 	 0.50, 	 1000, 	 0.00000100000000000000, 	 0.75101762228439750135, 	 0.18129938727601677129, 	 0.12559518431372329594, 	 0.13483669463228961649
310000, 	 300, 	 0.50, 	 5000, 	 0.00000100000000000000, 	 -3.30741299746729211506, 	 0.56312946036908895220, 	 0.55446364981351559109, 	 0.55341855103026760254
310000, 	 300, 	 0.50, 	 10000, 	 0.00000100000000000000, 	 -17.76749309434446999489, 	 0.98017796645871291261, 	 1.19172117262990395758, 	 1.15892466315403708244
310000, 	 300, 	 0.50, 	 10000, 	 0.00100000000000000002, 	 -6.73776394736622119552, 	 0.65920818506713363405, 	 0.75138745741558821134, 	 0.74357611585911131957
310000, 	 700, 	 0.50, 	 10000, 	 0.00100000000000000002, 	 -84.49038837356269482370, 	 1.84706167466305282154, 	 2.57225271211018480244, 	 2.47946502245881683635
310000, 	 700, 	 0.50, 	 1000, 	 0.00100000000000000002, 	 0.87442086235525429139, 	 0.13195479731688458669, 	 0.08186872941131921599, 	 0.09579251199619098767
