#t [s],	 res[A],	 res[Q] 
 0.00000000000000000000 ,	 0.00000000000000000000 ,	 0.00000000000000000000 
5.70020000000000059970 ,	 0.00002572619078954670 ,	 0.00014689253901347814 
5.70130000000000070060 ,	 0.00002572619078954670 ,	 0.00014689253901347814 
5.70239999999999991331 ,	 0.00002572619078954670 ,	 0.00014689253901347814 
5.70350000000000001421 ,	 0.00002572619078954670 ,	 0.00014689253901347814 
5.70460000000000011511 ,	 0.00002572619078954670 ,	 0.00014689253901347814 
5.70570000000000021600 ,	 0.00002572619078954670 ,	 0.00014689253901347814 
5.70680000000000031690 ,	 0.00002572619078954670 ,	 0.00014689253901347814 
5.70790000000000041780 ,	 0.00002572619078954670 ,	 0.00014689253901347814 
5.70900000000000051870 ,	 0.00002572619078954670 ,	 0.00014689253901347814 
5.71010000000000061959 ,	 0.00002572619078954670 ,	 0.00014689253901347814 
5.71119999999999983231 ,	 0.00002572619078954670 ,	 0.00014689253901347814 
5.71229999999999993321 ,	 0.00002572619078954670 ,	 0.00014689253901347814 
5.71340000000000003411 ,	 0.00002572619078954670 ,	 0.00014689253901347814 
5.71450000000000013500 ,	 0.00002572619078954670 ,	 0.00014689253901347814 
5.71560000000000023590 ,	 0.00002572619078954670 ,	 0.00014689253901347814 
5.71670000000000033680 ,	 0.00002572619078954670 ,	 0.00014689253901347814 
5.71780000000000043769 ,	 0.00002572619078954670 ,	 0.00014689253901347814 
5.71890000000000053859 ,	 0.00002572619078954670 ,	 0.00014689253901347814 
5.72000000000000063949 ,	 0.00002572619078954670 ,	 0.00014689253901347814 
5.72109999999999985221 ,	 0.00002572619078954670 ,	 0.00014689253901347814 
5.72219999999999995310 ,	 0.00002572619078954670 ,	 0.00014689253901347814 
5.72330000000000005400 ,	 0.00002572619078954670 ,	 0.00014689253901347814 
5.72440000000000015490 ,	 0.00002572619078954670 ,	 0.00014689253901347814 
5.72550000000000025580 ,	 0.00002572619078954670 ,	 0.00014689253901347814 
5.72660000000000035669 ,	 0.00002572619078954670 ,	 0.00014689253901347814 
5.72770000000000045759 ,	 0.00002572619078954670 ,	 0.00014689253901347814 
5.72880000000000055849 ,	 0.00002572619078954670 ,	 0.00014689253901347814 
5.72990000000000065938 ,	 0.00002572619078954670 ,	 0.00014689253901347814 
5.73099999999999987210 ,	 0.00002572619078954670 ,	 0.00014689253901347814 
5.73209999999999997300 ,	 0.00002572619078954670 ,	 0.00014689253901347814 
5.73320000000000007390 ,	 0.00002572619078954670 ,	 0.00014689253901347814 
5.73430000000000017479 ,	 0.00002572619078954670 ,	 0.00014689253901347814 
5.73540000000000027569 ,	 0.00002572619078954670 ,	 0.00014689253901347814 
5.73650000000000037659 ,	 0.00002572619078954670 ,	 0.00014689253901347814 
5.73760000000000047748 ,	 0.00002572619078954670 ,	 0.00014689253901347814 
5.73870000000000057838 ,	 0.00002572619078954670 ,	 0.00014689253901347814 
5.73980000000000067928 ,	 0.00002572619078954670 ,	 0.00014689253901347814 
5.74089999999999989200 ,	 0.00002572619078954670 ,	 0.00014689253901347814 
5.74199999999999999289 ,	 0.00002572619078954670 ,	 0.00014689253901347814 
5.74310000000000009379 ,	 0.00002572619078954670 ,	 0.00014689253901347814 
5.74420000000000019469 ,	 0.00002572619078954670 ,	 0.00014689253901347814 
5.74530000000000029559 ,	 0.00002572619078954670 ,	 0.00014689253901347814 
5.74640000000000039648 ,	 0.00004056616979064337 ,	 0.00379478039787425805 
5.74750000000000049738 ,	 0.00004056616979064337 ,	 0.00379478039787425805 
5.74860000000000059828 ,	 0.00004056616979064337 ,	 0.00379478039787425805 
5.74970000000000069917 ,	 0.00004056616979064337 ,	 0.00379478039787425805 
5.75079999999999991189 ,	 0.00004056616979064337 ,	 0.00379478039787425805 
5.75190000000000001279 ,	 0.00004056616979064337 ,	 0.00379478039787425805 
5.75300000000000011369 ,	 0.00004056616979064337 ,	 0.00379478039787425805 
5.75410000000000021458 ,	 0.00004056616979064337 ,	 0.00379478039787425805 
5.75520000000000031548 ,	 0.00004056616979064337 ,	 0.00379478039787425805 
5.75630000000000041638 ,	 0.00004056616979064337 ,	 0.00379478039787425805 
5.75740000000000051728 ,	 0.00004056616979064337 ,	 0.00379478039787425805 
5.75850000000000061817 ,	 0.00004056616979064337 ,	 0.00379478039787425805 
5.75960000000000071907 ,	 0.00004056616979064337 ,	 0.00379478039787425805 
5.76069999999999993179 ,	 0.00004056616979064337 ,	 0.00379478039787425805 
5.76180000000000003268 ,	 0.00004056616979064337 ,	 0.00379478039787425805 
5.76290000000000013358 ,	 0.00004056616979064337 ,	 0.00379478039787425805 
5.76400000000000023448 ,	 0.00004056616979064337 ,	 0.00379478039787425805 
5.76510000000000033538 ,	 0.00004056616979064337 ,	 0.00379478039787425805 
5.76620000000000043627 ,	 0.00004056616979064337 ,	 0.00379478039787425805 
5.76730000000000053717 ,	 0.00004056616979064337 ,	 0.00379478039787425805 
5.76840000000000063807 ,	 0.00004056616979064337 ,	 0.00379478039787425805 
5.76949999999999985079 ,	 0.00004056616979064337 ,	 0.00379478039787425805 
5.77059999999999995168 ,	 0.00004056616979064337 ,	 0.00379478039787425805 
5.77170000000000005258 ,	 0.00004056616979064337 ,	 0.00379478039787425805 
5.77280000000000015348 ,	 0.00004056616979064337 ,	 0.00379478039787425805 
5.77390000000000025437 ,	 0.00004056616979064337 ,	 0.00379478039787425805 
5.77500000000000035527 ,	 0.00004056616979064337 ,	 0.00379478039787425805 
5.77610000000000045617 ,	 0.00004056616979064337 ,	 0.00379478039787425805 
5.77720000000000055707 ,	 0.00004056616979064337 ,	 0.00379478039787425805 
5.77830000000000065796 ,	 0.00004056616979064337 ,	 0.00379478039787425805 
5.77939999999999987068 ,	 0.00004056616979064337 ,	 0.00379478039787425805 
5.78049999999999997158 ,	 0.00004056616979064337 ,	 0.00379478039787425805 
5.78160000000000007248 ,	 0.00004056616979064337 ,	 0.00379478039787425805 
5.78270000000000017337 ,	 0.00004056616979064337 ,	 0.00379478039787425805 
5.78380000000000027427 ,	 0.00004056616979064337 ,	 0.00379478039787425805 
5.78490000000000037517 ,	 0.00004056616979064337 ,	 0.00379478039787425805 
5.78600000000000047606 ,	 0.00004056616979064337 ,	 0.00379478039787425805 
5.78710000000000057696 ,	 0.00004056616979064337 ,	 0.00379478039787425805 
5.78820000000000067786 ,	 0.00004056616979064337 ,	 0.00379478039787425805 
5.78929999999999989058 ,	 0.00004056616979064337 ,	 0.00379478039787425805 
5.79039999999999999147 ,	 0.00004056616979064337 ,	 0.00379478039787425805 
5.79150000000000009237 ,	 0.00004056616979064337 ,	 0.00379478039787425805 
5.79260000000000019327 ,	 0.00004056616979064337 ,	 0.00379478039787425805 
5.79370000000000029416 ,	 0.00004056616979064337 ,	 0.00379478039787425805 
5.79480000000000039506 ,	 0.00004056616979064337 ,	 0.00379478039787425805 
5.79590000000000049596 ,	 0.00004056616979064337 ,	 0.00379478039787425805 
5.79700000000000059686 ,	 0.00004056616979064337 ,	 0.00379478039787425805 
5.79810000000000069775 ,	 0.00004056616979064337 ,	 0.00379478039787425805 
5.79919999999999991047 ,	 0.00004056616979064337 ,	 0.00379478039787425805 
5.80030000000000001137 ,	 0.00004056616979064337 ,	 0.00379478039787425805 
5.80140000000000011227 ,	 0.00004056616979064337 ,	 0.00379478039787425805 
5.80250000000000021316 ,	 0.00004056616979064337 ,	 0.00379478039787425805 
5.80360000000000031406 ,	 0.00004056616979064337 ,	 0.00379478039787425805 
5.80470000000000041496 ,	 0.00004056616979064337 ,	 0.00379478039787425805 
5.80580000000000051585 ,	 0.00004056616979064337 ,	 0.00379478039787425805 
5.80690000000000061675 ,	 0.00004056616979064337 ,	 0.00379478039787425805 
5.80800000000000071765 ,	 0.00004056616979064337 ,	 0.00379478039787425805 
5.80909999999999993037 ,	 0.00004056616979064337 ,	 0.00379478039787425805 
5.81020000000000003126 ,	 0.00004056616979064337 ,	 0.00379478039787425805 
5.81130000000000013216 ,	 0.00004056616979064337 ,	 0.00379478039787425805 
5.81240000000000023306 ,	 0.00004056616979064337 ,	 0.00379478039787425805 
5.81350000000000033396 ,	 0.00004056616979064337 ,	 0.00379478039787425805 
5.81460000000000043485 ,	 0.00006626607402686364 ,	 0.00029776459553452930 
5.81570000000000053575 ,	 0.00006626607402686364 ,	 0.00029776459553452930 
5.81680000000000063665 ,	 0.00006626607402686364 ,	 0.00029776459553452930 
5.81789999999999984936 ,	 0.00006626607402686364 ,	 0.00029776459553452930 
5.81899999999999995026 ,	 0.00006626607402686364 ,	 0.00029776459553452930 
5.82010000000000005116 ,	 0.00006626607402686364 ,	 0.00029776459553452930 
5.82120000000000015206 ,	 0.00006626607402686364 ,	 0.00029776459553452930 
5.82230000000000025295 ,	 0.00006626607402686364 ,	 0.00029776459553452930 
5.82340000000000035385 ,	 0.00006626607402686364 ,	 0.00029776459553452930 
5.82450000000000045475 ,	 0.00006626607402686364 ,	 0.00029776459553452930 
5.82560000000000055564 ,	 0.00006626607402686364 ,	 0.00029776459553452930 
5.82670000000000065654 ,	 0.00006626607402686364 ,	 0.00029776459553452930 
5.82779999999999986926 ,	 0.00006626607402686364 ,	 0.00029776459553452930 
5.82889999999999997016 ,	 0.00006626607402686364 ,	 0.00029776459553452930 
5.83000000000000007105 ,	 0.00006626607402686364 ,	 0.00029776459553452930 
5.83110000000000017195 ,	 0.00006626607402686364 ,	 0.00029776459553452930 
5.83220000000000027285 ,	 0.00006626607402686364 ,	 0.00029776459553452930 
5.83330000000000037375 ,	 0.00006626607402686364 ,	 0.00029776459553452930 
5.83440000000000047464 ,	 0.00006626607402686364 ,	 0.00029776459553452930 
5.83550000000000057554 ,	 0.00006626607402686364 ,	 0.00029776459553452930 
5.83660000000000067644 ,	 0.00006626607402686364 ,	 0.00029776459553452930 
5.83769999999999988916 ,	 0.00006626607402686364 ,	 0.00029776459553452930 
5.83879999999999999005 ,	 0.00006626607402686364 ,	 0.00029776459553452930 
5.83990000000000009095 ,	 0.00006626607402686364 ,	 0.00029776459553452930 
5.84100000000000019185 ,	 0.00006626607402686364 ,	 0.00029776459553452930 
5.84210000000000029274 ,	 0.00006626607402686364 ,	 0.00029776459553452930 
5.84320000000000039364 ,	 0.00006626607402686364 ,	 0.00029776459553452930 
5.84430000000000049454 ,	 0.00006626607402686364 ,	 0.00029776459553452930 
5.84540000000000059543 ,	 0.00006626607402686364 ,	 0.00029776459553452930 
5.84650000000000069633 ,	 0.00006626607402686364 ,	 0.00029776459553452930 
5.84759999999999990905 ,	 0.00006626607402686364 ,	 0.00029776459553452930 
5.84870000000000000995 ,	 0.00006626607402686364 ,	 0.00029776459553452930 
5.84980000000000011084 ,	 0.00006626607402686364 ,	 0.00029776459553452930 
5.85090000000000021174 ,	 0.00006626607402686364 ,	 0.00029776459553452930 
5.85200000000000031264 ,	 0.00006626607402686364 ,	 0.00029776459553452930 
5.85310000000000041354 ,	 0.00006626607402686364 ,	 0.00029776459553452930 
5.85420000000000051443 ,	 0.00006626607402686364 ,	 0.00029776459553452930 
5.85530000000000061533 ,	 0.00006626607402686364 ,	 0.00029776459553452930 
5.85640000000000071623 ,	 0.00006626607402686364 ,	 0.00029776459553452930 
5.85749999999999992895 ,	 0.00006626607402686364 ,	 0.00029776459553452930 
5.85860000000000002984 ,	 0.00006626607402686364 ,	 0.00029776459553452930 
5.85970000000000013074 ,	 0.00006626607402686364 ,	 0.00029776459553452930 
5.86080000000000023164 ,	 0.00006626607402686364 ,	 0.00029776459553452930 
5.86190000000000033253 ,	 0.00006626607402686364 ,	 0.00029776459553452930 
5.86300000000000043343 ,	 0.00006626607402686364 ,	 0.00029776459553452930 
5.86410000000000053433 ,	 0.00006626607402686364 ,	 0.00029776459553452930 
5.86520000000000063523 ,	 0.00006626607402686364 ,	 0.00029776459553452930 
5.86629999999999984794 ,	 0.00006626607402686364 ,	 0.00029776459553452930 
5.86739999999999994884 ,	 0.00006626607402686364 ,	 0.00029776459553452930 
5.86850000000000004974 ,	 0.00006626607402686364 ,	 0.00029776459553452930 
5.86960000000000015064 ,	 0.00006626607402686364 ,	 0.00029776459553452930 
5.87070000000000025153 ,	 0.00006626607402686364 ,	 0.00029776459553452930 
5.87180000000000035243 ,	 0.00006626607402686364 ,	 0.00029776459553452930 
5.87290000000000045333 ,	 0.00006626607402686364 ,	 0.00029776459553452930 
5.87400000000000055422 ,	 0.00006626607402686364 ,	 0.00029776459553452930 
5.87510000000000065512 ,	 0.00006626607402686364 ,	 0.00029776459553452930 
5.87619999999999986784 ,	 0.00006626607402686364 ,	 0.00029776459553452930 
5.87729999999999996874 ,	 0.00006626607402686364 ,	 0.00029776459553452930 
5.87840000000000006963 ,	 0.00006626607402686364 ,	 0.00029776459553452930 
5.87950000000000017053 ,	 0.00006626607402686364 ,	 0.00029776459553452930 
5.88060000000000027143 ,	 0.00006626607402686364 ,	 0.00029776459553452930 
5.88170000000000037232 ,	 0.00006626607402686364 ,	 0.00029776459553452930 
5.88280000000000047322 ,	 0.00005270120809487345 ,	 0.00068377273566195293 
5.88390000000000057412 ,	 0.00005270120809487345 ,	 0.00068377273566195293 
5.88500000000000067502 ,	 0.00005270120809487345 ,	 0.00068377273566195293 
5.88609999999999988773 ,	 0.00005270120809487345 ,	 0.00068377273566195293 
5.88719999999999998863 ,	 0.00005270120809487345 ,	 0.00068377273566195293 
5.88830000000000008953 ,	 0.00005270120809487345 ,	 0.00068377273566195293 
5.88940000000000019043 ,	 0.00005270120809487345 ,	 0.00068377273566195293 
5.89050000000000029132 ,	 0.00005270120809487345 ,	 0.00068377273566195293 
5.89160000000000039222 ,	 0.00005270120809487345 ,	 0.00068377273566195293 
5.89270000000000049312 ,	 0.00005270120809487345 ,	 0.00068377273566195293 
5.89380000000000059401 ,	 0.00005270120809487345 ,	 0.00068377273566195293 
5.89490000000000069491 ,	 0.00005270120809487345 ,	 0.00068377273566195293 
5.89599999999999990763 ,	 0.00005270120809487345 ,	 0.00068377273566195293 
5.89710000000000000853 ,	 0.00005270120809487345 ,	 0.00068377273566195293 
5.89820000000000010942 ,	 0.00005270120809487345 ,	 0.00068377273566195293 
5.89930000000000021032 ,	 0.00005270120809487345 ,	 0.00068377273566195293 
5.90040000000000031122 ,	 0.00005270120809487345 ,	 0.00068377273566195293 
5.90150000000000041211 ,	 0.00005270120809487345 ,	 0.00068377273566195293 
5.90260000000000051301 ,	 0.00005270120809487345 ,	 0.00068377273566195293 
5.90370000000000061391 ,	 0.00005270120809487345 ,	 0.00068377273566195293 
5.90480000000000071481 ,	 0.00005270120809487345 ,	 0.00068377273566195293 
5.90589999999999992752 ,	 0.00005270120809487345 ,	 0.00068377273566195293 
5.90700000000000002842 ,	 0.00005270120809487345 ,	 0.00068377273566195293 
5.90810000000000012932 ,	 0.00005270120809487345 ,	 0.00068377273566195293 
5.90920000000000023022 ,	 0.00005270120809487345 ,	 0.00068377273566195293 
5.91030000000000033111 ,	 0.00005270120809487345 ,	 0.00068377273566195293 
5.91140000000000043201 ,	 0.00005270120809487345 ,	 0.00068377273566195293 
5.91250000000000053291 ,	 0.00005270120809487345 ,	 0.00068377273566195293 
5.91360000000000063380 ,	 0.00005270120809487345 ,	 0.00068377273566195293 
5.91469999999999984652 ,	 0.00005270120809487345 ,	 0.00068377273566195293 
5.91579999999999994742 ,	 0.00005270120809487345 ,	 0.00068377273566195293 
5.91690000000000004832 ,	 0.00005270120809487345 ,	 0.00068377273566195293 
5.91800000000000014921 ,	 0.00005270120809487345 ,	 0.00068377273566195293 
5.91910000000000025011 ,	 0.00005270120809487345 ,	 0.00068377273566195293 
5.92020000000000035101 ,	 0.00005270120809487345 ,	 0.00068377273566195293 
5.92130000000000045191 ,	 0.00005270120809487345 ,	 0.00068377273566195293 
5.92240000000000055280 ,	 0.00005270120809487345 ,	 0.00068377273566195293 
5.92350000000000065370 ,	 0.00005270120809487345 ,	 0.00068377273566195293 
5.92459999999999986642 ,	 0.00005270120809487345 ,	 0.00068377273566195293 
5.92569999999999996732 ,	 0.00005270120809487345 ,	 0.00068377273566195293 
5.92680000000000006821 ,	 0.00005270120809487345 ,	 0.00068377273566195293 
5.92790000000000016911 ,	 0.00005270120809487345 ,	 0.00068377273566195293 
5.92900000000000027001 ,	 0.00005270120809487345 ,	 0.00068377273566195293 
5.93010000000000037090 ,	 0.00005270120809487345 ,	 0.00068377273566195293 
5.93120000000000047180 ,	 0.00005270120809487345 ,	 0.00068377273566195293 
5.93230000000000057270 ,	 0.00005270120809487345 ,	 0.00068377273566195293 
5.93340000000000067359 ,	 0.00005270120809487345 ,	 0.00068377273566195293 
5.93449999999999988631 ,	 0.00005270120809487345 ,	 0.00068377273566195293 
5.93559999999999998721 ,	 0.00005270120809487345 ,	 0.00068377273566195293 
5.93670000000000008811 ,	 0.00005270120809487345 ,	 0.00068377273566195293 
5.93780000000000018900 ,	 0.00005270120809487345 ,	 0.00068377273566195293 
5.93890000000000028990 ,	 0.00005270120809487345 ,	 0.00068377273566195293 
5.94000000000000039080 ,	 0.00005270120809487345 ,	 0.00068377273566195293 
5.94110000000000049170 ,	 0.00005270120809487345 ,	 0.00068377273566195293 
5.94220000000000059259 ,	 0.00005270120809487345 ,	 0.00068377273566195293 
5.94330000000000069349 ,	 0.00005270120809487345 ,	 0.00068377273566195293 
5.94439999999999990621 ,	 0.00005270120809487345 ,	 0.00068377273566195293 
5.94550000000000000711 ,	 0.00005270120809487345 ,	 0.00068377273566195293 
5.94660000000000010800 ,	 0.00005270120809487345 ,	 0.00068377273566195293 
5.94770000000000020890 ,	 0.00005270120809487345 ,	 0.00068377273566195293 
5.94880000000000030980 ,	 0.00005270120809487345 ,	 0.00068377273566195293 
5.94990000000000041069 ,	 0.00005270120809487345 ,	 0.00068377273566195293 
5.95100000000000051159 ,	 0.00002922175197039916 ,	 0.00241960393628233095 
5.95210000000000061249 ,	 0.00002922175197039916 ,	 0.00241960393628233095 
5.95320000000000071338 ,	 0.00002922175197039916 ,	 0.00241960393628233095 
5.95429999999999992610 ,	 0.00002922175197039916 ,	 0.00241960393628233095 
5.95540000000000002700 ,	 0.00002922175197039916 ,	 0.00241960393628233095 
5.95650000000000012790 ,	 0.00002922175197039916 ,	 0.00241960393628233095 
5.95760000000000022879 ,	 0.00002922175197039916 ,	 0.00241960393628233095 
5.95870000000000032969 ,	 0.00002922175197039916 ,	 0.00241960393628233095 
5.95980000000000043059 ,	 0.00002922175197039916 ,	 0.00241960393628233095 
5.96090000000000053149 ,	 0.00002922175197039916 ,	 0.00241960393628233095 
5.96200000000000063238 ,	 0.00002922175197039916 ,	 0.00241960393628233095 
5.96309999999999984510 ,	 0.00002922175197039916 ,	 0.00241960393628233095 
5.96419999999999994600 ,	 0.00002922175197039916 ,	 0.00241960393628233095 
5.96530000000000004690 ,	 0.00002922175197039916 ,	 0.00241960393628233095 
5.96640000000000014779 ,	 0.00002922175197039916 ,	 0.00241960393628233095 
5.96750000000000024869 ,	 0.00002922175197039916 ,	 0.00241960393628233095 
5.96860000000000034959 ,	 0.00002922175197039916 ,	 0.00241960393628233095 
5.96970000000000045048 ,	 0.00002922175197039916 ,	 0.00241960393628233095 
5.97080000000000055138 ,	 0.00002922175197039916 ,	 0.00241960393628233095 
5.97190000000000065228 ,	 0.00002922175197039916 ,	 0.00241960393628233095 
5.97299999999999986500 ,	 0.00002922175197039916 ,	 0.00241960393628233095 
5.97409999999999996589 ,	 0.00002922175197039916 ,	 0.00241960393628233095 
5.97520000000000006679 ,	 0.00002922175197039916 ,	 0.00241960393628233095 
5.97630000000000016769 ,	 0.00002922175197039916 ,	 0.00241960393628233095 
5.97740000000000026859 ,	 0.00002922175197039916 ,	 0.00241960393628233095 
5.97850000000000036948 ,	 0.00002922175197039916 ,	 0.00241960393628233095 
5.97960000000000047038 ,	 0.00002922175197039916 ,	 0.00241960393628233095 
5.98070000000000057128 ,	 0.00002922175197039916 ,	 0.00241960393628233095 
5.98180000000000067217 ,	 0.00002922175197039916 ,	 0.00241960393628233095 
5.98289999999999988489 ,	 0.00002922175197039916 ,	 0.00241960393628233095 
5.98399999999999998579 ,	 0.00002922175197039916 ,	 0.00241960393628233095 
5.98510000000000008669 ,	 0.00002922175197039916 ,	 0.00241960393628233095 
5.98620000000000018758 ,	 0.00002922175197039916 ,	 0.00241960393628233095 
5.98730000000000028848 ,	 0.00002922175197039916 ,	 0.00241960393628233095 
5.98840000000000038938 ,	 0.00002922175197039916 ,	 0.00241960393628233095 
5.98950000000000049027 ,	 0.00002922175197039916 ,	 0.00241960393628233095 
5.99060000000000059117 ,	 0.00002922175197039916 ,	 0.00241960393628233095 
5.99170000000000069207 ,	 0.00002922175197039916 ,	 0.00241960393628233095 
5.99279999999999990479 ,	 0.00002922175197039916 ,	 0.00241960393628233095 
5.99390000000000000568 ,	 0.00002922175197039916 ,	 0.00241960393628233095 
5.99500000000000010658 ,	 0.00002922175197039916 ,	 0.00241960393628233095 
5.99610000000000020748 ,	 0.00002922175197039916 ,	 0.00241960393628233095 
5.99720000000000030838 ,	 0.00002922175197039916 ,	 0.00241960393628233095 
5.99830000000000040927 ,	 0.00002922175197039916 ,	 0.00241960393628233095 
5.99940000000000051017 ,	 0.00002922175197039916 ,	 0.00241960393628233095 
6.00050000000000061107 ,	 0.00002922175197039916 ,	 0.00241960393628233095 
6.00160000000000071196 ,	 0.00002922175197039916 ,	 0.00241960393628233095 
6.00269999999999992468 ,	 0.00002922175197039916 ,	 0.00241960393628233095 
6.00380000000000002558 ,	 0.00002922175197039916 ,	 0.00241960393628233095 
6.00490000000000012648 ,	 0.00002922175197039916 ,	 0.00241960393628233095 
6.00600000000000022737 ,	 0.00002922175197039916 ,	 0.00241960393628233095 
6.00710000000000032827 ,	 0.00002922175197039916 ,	 0.00241960393628233095 
6.00820000000000042917 ,	 0.00002922175197039916 ,	 0.00241960393628233095 
6.00930000000000053006 ,	 0.00002922175197039916 ,	 0.00241960393628233095 
6.01040000000000063096 ,	 0.00002922175197039916 ,	 0.00241960393628233095 
6.01150000000000073186 ,	 0.00002922175197039916 ,	 0.00241960393628233095 
6.01259999999999994458 ,	 0.00002922175197039916 ,	 0.00241960393628233095 
6.01370000000000004547 ,	 0.00002922175197039916 ,	 0.00241960393628233095 
6.01480000000000014637 ,	 0.00002922175197039916 ,	 0.00241960393628233095 
6.01590000000000024727 ,	 0.00002922175197039916 ,	 0.00241960393628233095 
6.01700000000000034817 ,	 0.00002922175197039916 ,	 0.00241960393628233095 
6.01810000000000044906 ,	 0.00002922175197039916 ,	 0.00241960393628233095 
6.01920000000000054996 ,	 0.00003802626472633068 ,	 0.00052677679155140305 
6.02030000000000065086 ,	 0.00003802626472633068 ,	 0.00052677679155140305 
6.02139999999999986358 ,	 0.00003802626472633068 ,	 0.00052677679155140305 
6.02249999999999996447 ,	 0.00003802626472633068 ,	 0.00052677679155140305 
6.02360000000000006537 ,	 0.00003802626472633068 ,	 0.00052677679155140305 
6.02470000000000016627 ,	 0.00003802626472633068 ,	 0.00052677679155140305 
6.02580000000000026716 ,	 0.00003802626472633068 ,	 0.00052677679155140305 
6.02690000000000036806 ,	 0.00003802626472633068 ,	 0.00052677679155140305 
6.02800000000000046896 ,	 0.00003802626472633068 ,	 0.00052677679155140305 
6.02910000000000056986 ,	 0.00003802626472633068 ,	 0.00052677679155140305 
6.03020000000000067075 ,	 0.00003802626472633068 ,	 0.00052677679155140305 
6.03129999999999988347 ,	 0.00003802626472633068 ,	 0.00052677679155140305 
6.03239999999999998437 ,	 0.00003802626472633068 ,	 0.00052677679155140305 
6.03350000000000008527 ,	 0.00003802626472633068 ,	 0.00052677679155140305 
6.03460000000000018616 ,	 0.00003802626472633068 ,	 0.00052677679155140305 
6.03570000000000028706 ,	 0.00003802626472633068 ,	 0.00052677679155140305 
6.03680000000000038796 ,	 0.00003802626472633068 ,	 0.00052677679155140305 
6.03790000000000048885 ,	 0.00003802626472633068 ,	 0.00052677679155140305 
6.03900000000000058975 ,	 0.00003802626472633068 ,	 0.00052677679155140305 
6.04010000000000069065 ,	 0.00003802626472633068 ,	 0.00052677679155140305 
6.04119999999999990337 ,	 0.00003802626472633068 ,	 0.00052677679155140305 
6.04230000000000000426 ,	 0.00003802626472633068 ,	 0.00052677679155140305 
6.04340000000000010516 ,	 0.00003802626472633068 ,	 0.00052677679155140305 
6.04450000000000020606 ,	 0.00003802626472633068 ,	 0.00052677679155140305 
6.04560000000000030695 ,	 0.00003802626472633068 ,	 0.00052677679155140305 
6.04670000000000040785 ,	 0.00003802626472633068 ,	 0.00052677679155140305 
6.04780000000000050875 ,	 0.00003802626472633068 ,	 0.00052677679155140305 
6.04890000000000060965 ,	 0.00003802626472633068 ,	 0.00052677679155140305 
6.05000000000000071054 ,	 0.00003802626472633068 ,	 0.00052677679155140305 
6.05109999999999992326 ,	 0.00003802626472633068 ,	 0.00052677679155140305 
6.05220000000000002416 ,	 0.00003802626472633068 ,	 0.00052677679155140305 
6.05330000000000012506 ,	 0.00003802626472633068 ,	 0.00052677679155140305 
6.05440000000000022595 ,	 0.00003802626472633068 ,	 0.00052677679155140305 
6.05550000000000032685 ,	 0.00003802626472633068 ,	 0.00052677679155140305 
6.05660000000000042775 ,	 0.00003802626472633068 ,	 0.00052677679155140305 
6.05770000000000052864 ,	 0.00003802626472633068 ,	 0.00052677679155140305 
6.05880000000000062954 ,	 0.00003802626472633068 ,	 0.00052677679155140305 
6.05990000000000073044 ,	 0.00003802626472633068 ,	 0.00052677679155140305 
6.06099999999999994316 ,	 0.00003802626472633068 ,	 0.00052677679155140305 
6.06210000000000004405 ,	 0.00003802626472633068 ,	 0.00052677679155140305 
6.06320000000000014495 ,	 0.00003802626472633068 ,	 0.00052677679155140305 
6.06430000000000024585 ,	 0.00003802626472633068 ,	 0.00052677679155140305 
6.06540000000000034674 ,	 0.00003802626472633068 ,	 0.00052677679155140305 
6.06650000000000044764 ,	 0.00003802626472633068 ,	 0.00052677679155140305 
6.06760000000000054854 ,	 0.00003802626472633068 ,	 0.00052677679155140305 
6.06870000000000064944 ,	 0.00003802626472633068 ,	 0.00052677679155140305 
6.06979999999999986215 ,	 0.00003802626472633068 ,	 0.00052677679155140305 
6.07089999999999996305 ,	 0.00003802626472633068 ,	 0.00052677679155140305 
6.07200000000000006395 ,	 0.00003802626472633068 ,	 0.00052677679155140305 
6.07310000000000016485 ,	 0.00003802626472633068 ,	 0.00052677679155140305 
6.07420000000000026574 ,	 0.00003802626472633068 ,	 0.00052677679155140305 
6.07530000000000036664 ,	 0.00003802626472633068 ,	 0.00052677679155140305 
6.07640000000000046754 ,	 0.00003802626472633068 ,	 0.00052677679155140305 
6.07750000000000056843 ,	 0.00003802626472633068 ,	 0.00052677679155140305 
6.07860000000000066933 ,	 0.00003802626472633068 ,	 0.00052677679155140305 
6.07969999999999988205 ,	 0.00003802626472633068 ,	 0.00052677679155140305 
6.08079999999999998295 ,	 0.00003802626472633068 ,	 0.00052677679155140305 
6.08190000000000008384 ,	 0.00003802626472633068 ,	 0.00052677679155140305 
6.08300000000000018474 ,	 0.00003802626472633068 ,	 0.00052677679155140305 
6.08410000000000028564 ,	 0.00003802626472633068 ,	 0.00052677679155140305 
6.08520000000000038654 ,	 0.00003802626472633068 ,	 0.00052677679155140305 
6.08630000000000048743 ,	 0.00003802626472633068 ,	 0.00052677679155140305 
6.08740000000000058833 ,	 0.00003802626472633068 ,	 0.00052677679155140305 
6.08850000000000068923 ,	 0.00003794240738091731 ,	 0.00297272456754697203 
6.08959999999999990195 ,	 0.00003794240738091731 ,	 0.00297272456754697203 
6.09070000000000000284 ,	 0.00003794240738091731 ,	 0.00297272456754697203 
6.09180000000000010374 ,	 0.00003794240738091731 ,	 0.00297272456754697203 
6.09290000000000020464 ,	 0.00003794240738091731 ,	 0.00297272456754697203 
6.09400000000000030553 ,	 0.00003794240738091731 ,	 0.00297272456754697203 
6.09510000000000040643 ,	 0.00003794240738091731 ,	 0.00297272456754697203 
6.09620000000000050733 ,	 0.00003794240738091731 ,	 0.00297272456754697203 
6.09730000000000060822 ,	 0.00003794240738091731 ,	 0.00297272456754697203 
6.09840000000000070912 ,	 0.00003794240738091731 ,	 0.00297272456754697203 
6.09949999999999992184 ,	 0.00003794240738091731 ,	 0.00297272456754697203 
6.10060000000000002274 ,	 0.00003794240738091731 ,	 0.00297272456754697203 
6.10170000000000012363 ,	 0.00003794240738091731 ,	 0.00297272456754697203 
6.10280000000000022453 ,	 0.00003794240738091731 ,	 0.00297272456754697203 
6.10390000000000032543 ,	 0.00003794240738091731 ,	 0.00297272456754697203 
6.10500000000000042633 ,	 0.00003794240738091731 ,	 0.00297272456754697203 
6.10610000000000052722 ,	 0.00003794240738091731 ,	 0.00297272456754697203 
6.10720000000000062812 ,	 0.00003794240738091731 ,	 0.00297272456754697203 
6.10830000000000072902 ,	 0.00003794240738091731 ,	 0.00297272456754697203 
6.10939999999999994174 ,	 0.00003794240738091731 ,	 0.00297272456754697203 
6.11050000000000004263 ,	 0.00003794240738091731 ,	 0.00297272456754697203 
6.11160000000000014353 ,	 0.00003794240738091731 ,	 0.00297272456754697203 
6.11270000000000024443 ,	 0.00003794240738091731 ,	 0.00297272456754697203 
6.11380000000000034532 ,	 0.00003794240738091731 ,	 0.00297272456754697203 
6.11490000000000044622 ,	 0.00003794240738091731 ,	 0.00297272456754697203 
6.11600000000000054712 ,	 0.00003794240738091731 ,	 0.00297272456754697203 
6.11710000000000064801 ,	 0.00003794240738091731 ,	 0.00297272456754697203 
6.11819999999999986073 ,	 0.00003794240738091731 ,	 0.00297272456754697203 
6.11929999999999996163 ,	 0.00003794240738091731 ,	 0.00297272456754697203 
6.12040000000000006253 ,	 0.00003794240738091731 ,	 0.00297272456754697203 
6.12150000000000016342 ,	 0.00003794240738091731 ,	 0.00297272456754697203 
6.12260000000000026432 ,	 0.00003794240738091731 ,	 0.00297272456754697203 
6.12370000000000036522 ,	 0.00003794240738091731 ,	 0.00297272456754697203 
6.12480000000000046612 ,	 0.00003794240738091731 ,	 0.00297272456754697203 
6.12590000000000056701 ,	 0.00003794240738091731 ,	 0.00297272456754697203 
6.12700000000000066791 ,	 0.00003794240738091731 ,	 0.00297272456754697203 
6.12809999999999988063 ,	 0.00003794240738091731 ,	 0.00297272456754697203 
6.12919999999999998153 ,	 0.00003794240738091731 ,	 0.00297272456754697203 
6.13030000000000008242 ,	 0.00003794240738091731 ,	 0.00297272456754697203 
6.13140000000000018332 ,	 0.00003794240738091731 ,	 0.00297272456754697203 
6.13250000000000028422 ,	 0.00003794240738091731 ,	 0.00297272456754697203 
6.13360000000000038511 ,	 0.00003794240738091731 ,	 0.00297272456754697203 
6.13470000000000048601 ,	 0.00003794240738091731 ,	 0.00297272456754697203 
6.13580000000000058691 ,	 0.00003794240738091731 ,	 0.00297272456754697203 
6.13690000000000068781 ,	 0.00003794240738091731 ,	 0.00297272456754697203 
6.13799999999999990052 ,	 0.00003794240738091731 ,	 0.00297272456754697203 
6.13910000000000000142 ,	 0.00003794240738091731 ,	 0.00297272456754697203 
6.14020000000000010232 ,	 0.00003794240738091731 ,	 0.00297272456754697203 
6.14130000000000020322 ,	 0.00003794240738091731 ,	 0.00297272456754697203 
6.14240000000000030411 ,	 0.00003794240738091731 ,	 0.00297272456754697203 
6.14350000000000040501 ,	 0.00003794240738091731 ,	 0.00297272456754697203 
6.14460000000000050591 ,	 0.00003794240738091731 ,	 0.00297272456754697203 
6.14570000000000060680 ,	 0.00003794240738091731 ,	 0.00297272456754697203 
6.14680000000000070770 ,	 0.00003794240738091731 ,	 0.00297272456754697203 
6.14789999999999992042 ,	 0.00003794240738091731 ,	 0.00297272456754697203 
6.14900000000000002132 ,	 0.00003794240738091731 ,	 0.00297272456754697203 
6.15010000000000012221 ,	 0.00003794240738091731 ,	 0.00297272456754697203 
6.15120000000000022311 ,	 0.00003794240738091731 ,	 0.00297272456754697203 
6.15230000000000032401 ,	 0.00003794240738091731 ,	 0.00297272456754697203 
6.15340000000000042490 ,	 0.00003794240738091731 ,	 0.00297272456754697203 
6.15450000000000052580 ,	 0.00003794240738091731 ,	 0.00297272456754697203 
6.15560000000000062670 ,	 0.00003794240738091731 ,	 0.00297272456754697203 
6.15670000000000072760 ,	 0.00002453058588716804 ,	 0.00065662279913946211 
6.15779999999999994031 ,	 0.00002453058588716804 ,	 0.00065662279913946211 
6.15890000000000004121 ,	 0.00002453058588716804 ,	 0.00065662279913946211 
6.16000000000000014211 ,	 0.00002453058588716804 ,	 0.00065662279913946211 
6.16110000000000024301 ,	 0.00002453058588716804 ,	 0.00065662279913946211 
6.16220000000000034390 ,	 0.00002453058588716804 ,	 0.00065662279913946211 
6.16330000000000044480 ,	 0.00002453058588716804 ,	 0.00065662279913946211 
6.16440000000000054570 ,	 0.00002453058588716804 ,	 0.00065662279913946211 
6.16550000000000064659 ,	 0.00002453058588716804 ,	 0.00065662279913946211 
6.16659999999999985931 ,	 0.00002453058588716804 ,	 0.00065662279913946211 
6.16769999999999996021 ,	 0.00002453058588716804 ,	 0.00065662279913946211 
6.16880000000000006111 ,	 0.00002453058588716804 ,	 0.00065662279913946211 
6.16990000000000016200 ,	 0.00002453058588716804 ,	 0.00065662279913946211 
6.17100000000000026290 ,	 0.00002453058588716804 ,	 0.00065662279913946211 
6.17210000000000036380 ,	 0.00002453058588716804 ,	 0.00065662279913946211 
6.17320000000000046469 ,	 0.00002453058588716804 ,	 0.00065662279913946211 
6.17430000000000056559 ,	 0.00002453058588716804 ,	 0.00065662279913946211 
6.17540000000000066649 ,	 0.00002453058588716804 ,	 0.00065662279913946211 
6.17649999999999987921 ,	 0.00002453058588716804 ,	 0.00065662279913946211 
6.17759999999999998010 ,	 0.00002453058588716804 ,	 0.00065662279913946211 
6.17870000000000008100 ,	 0.00002453058588716804 ,	 0.00065662279913946211 
6.17980000000000018190 ,	 0.00002453058588716804 ,	 0.00065662279913946211 
6.18090000000000028280 ,	 0.00002453058588716804 ,	 0.00065662279913946211 
6.18200000000000038369 ,	 0.00002453058588716804 ,	 0.00065662279913946211 
6.18310000000000048459 ,	 0.00002453058588716804 ,	 0.00065662279913946211 
6.18420000000000058549 ,	 0.00002453058588716804 ,	 0.00065662279913946211 
6.18530000000000068638 ,	 0.00002453058588716804 ,	 0.00065662279913946211 
6.18639999999999989910 ,	 0.00002453058588716804 ,	 0.00065662279913946211 
6.18750000000000000000 ,	 0.00002453058588716804 ,	 0.00065662279913946211 
6.18860000000000010090 ,	 0.00002453058588716804 ,	 0.00065662279913946211 
6.18970000000000020179 ,	 0.00002453058588716804 ,	 0.00065662279913946211 
6.19080000000000030269 ,	 0.00002453058588716804 ,	 0.00065662279913946211 
6.19190000000000040359 ,	 0.00002453058588716804 ,	 0.00065662279913946211 
6.19300000000000050449 ,	 0.00002453058588716804 ,	 0.00065662279913946211 
6.19410000000000060538 ,	 0.00002453058588716804 ,	 0.00065662279913946211 
6.19520000000000070628 ,	 0.00002453058588716804 ,	 0.00065662279913946211 
6.19629999999999991900 ,	 0.00002453058588716804 ,	 0.00065662279913946211 
6.19740000000000001990 ,	 0.00002453058588716804 ,	 0.00065662279913946211 
6.19850000000000012079 ,	 0.00002453058588716804 ,	 0.00065662279913946211 
6.19960000000000022169 ,	 0.00002453058588716804 ,	 0.00065662279913946211 
6.20070000000000032259 ,	 0.00002453058588716804 ,	 0.00065662279913946211 
6.20180000000000042348 ,	 0.00002453058588716804 ,	 0.00065662279913946211 
6.20290000000000052438 ,	 0.00002453058588716804 ,	 0.00065662279913946211 
6.20400000000000062528 ,	 0.00002453058588716804 ,	 0.00065662279913946211 
6.20510000000000072617 ,	 0.00002453058588716804 ,	 0.00065662279913946211 
6.20619999999999993889 ,	 0.00002453058588716804 ,	 0.00065662279913946211 
6.20730000000000003979 ,	 0.00002453058588716804 ,	 0.00065662279913946211 
6.20840000000000014069 ,	 0.00002453058588716804 ,	 0.00065662279913946211 
6.20950000000000024158 ,	 0.00002453058588716804 ,	 0.00065662279913946211 
6.21060000000000034248 ,	 0.00002453058588716804 ,	 0.00065662279913946211 
6.21170000000000044338 ,	 0.00002453058588716804 ,	 0.00065662279913946211 
6.21280000000000054428 ,	 0.00002453058588716804 ,	 0.00065662279913946211 
6.21390000000000064517 ,	 0.00002453058588716804 ,	 0.00065662279913946211 
6.21499999999999985789 ,	 0.00002453058588716804 ,	 0.00065662279913946211 
6.21609999999999995879 ,	 0.00002453058588716804 ,	 0.00065662279913946211 
6.21720000000000005969 ,	 0.00002453058588716804 ,	 0.00065662279913946211 
6.21830000000000016058 ,	 0.00002453058588716804 ,	 0.00065662279913946211 
6.21940000000000026148 ,	 0.00002453058588716804 ,	 0.00065662279913946211 
6.22050000000000036238 ,	 0.00002453058588716804 ,	 0.00065662279913946211 
6.22160000000000046327 ,	 0.00002453058588716804 ,	 0.00065662279913946211 
6.22270000000000056417 ,	 0.00002453058588716804 ,	 0.00065662279913946211 
6.22380000000000066507 ,	 0.00002453058588716804 ,	 0.00065662279913946211 
6.22489999999999987779 ,	 0.00002521322429452421 ,	 0.00045239500177814542 
6.22599999999999997868 ,	 0.00002521322429452421 ,	 0.00045239500177814542 
6.22710000000000007958 ,	 0.00002521322429452421 ,	 0.00045239500177814542 
6.22820000000000018048 ,	 0.00002521322429452421 ,	 0.00045239500177814542 
6.22930000000000028137 ,	 0.00002521322429452421 ,	 0.00045239500177814542 
6.23040000000000038227 ,	 0.00002521322429452421 ,	 0.00045239500177814542 
6.23150000000000048317 ,	 0.00002521322429452421 ,	 0.00045239500177814542 
6.23260000000000058407 ,	 0.00002521322429452421 ,	 0.00045239500177814542 
6.23370000000000068496 ,	 0.00002521322429452421 ,	 0.00045239500177814542 
6.23479999999999989768 ,	 0.00002521322429452421 ,	 0.00045239500177814542 
6.23589999999999999858 ,	 0.00002521322429452421 ,	 0.00045239500177814542 
6.23700000000000009948 ,	 0.00002521322429452421 ,	 0.00045239500177814542 
6.23810000000000020037 ,	 0.00002521322429452421 ,	 0.00045239500177814542 
6.23920000000000030127 ,	 0.00002521322429452421 ,	 0.00045239500177814542 
6.24030000000000040217 ,	 0.00002521322429452421 ,	 0.00045239500177814542 
6.24140000000000050306 ,	 0.00002521322429452421 ,	 0.00045239500177814542 
6.24250000000000060396 ,	 0.00002521322429452421 ,	 0.00045239500177814542 
6.24360000000000070486 ,	 0.00002521322429452421 ,	 0.00045239500177814542 
6.24469999999999991758 ,	 0.00002521322429452421 ,	 0.00045239500177814542 
6.24580000000000001847 ,	 0.00002521322429452421 ,	 0.00045239500177814542 
6.24690000000000011937 ,	 0.00002521322429452421 ,	 0.00045239500177814542 
6.24800000000000022027 ,	 0.00002521322429452421 ,	 0.00045239500177814542 
6.24910000000000032117 ,	 0.00002521322429452421 ,	 0.00045239500177814542 
6.25020000000000042206 ,	 0.00002521322429452421 ,	 0.00045239500177814542 
6.25130000000000052296 ,	 0.00002521322429452421 ,	 0.00045239500177814542 
6.25240000000000062386 ,	 0.00002521322429452421 ,	 0.00045239500177814542 
6.25350000000000072475 ,	 0.00002521322429452421 ,	 0.00045239500177814542 
6.25459999999999993747 ,	 0.00002521322429452421 ,	 0.00045239500177814542 
6.25570000000000003837 ,	 0.00002521322429452421 ,	 0.00045239500177814542 
6.25680000000000013927 ,	 0.00002521322429452421 ,	 0.00045239500177814542 
6.25790000000000024016 ,	 0.00002521322429452421 ,	 0.00045239500177814542 
6.25900000000000034106 ,	 0.00002521322429452421 ,	 0.00045239500177814542 
6.26010000000000044196 ,	 0.00002521322429452421 ,	 0.00045239500177814542 
6.26120000000000054285 ,	 0.00002521322429452421 ,	 0.00045239500177814542 
6.26230000000000064375 ,	 0.00002521322429452421 ,	 0.00045239500177814542 
6.26339999999999985647 ,	 0.00002521322429452421 ,	 0.00045239500177814542 
6.26449999999999995737 ,	 0.00002521322429452421 ,	 0.00045239500177814542 
6.26560000000000005826 ,	 0.00002521322429452421 ,	 0.00045239500177814542 
6.26670000000000015916 ,	 0.00002521322429452421 ,	 0.00045239500177814542 
6.26780000000000026006 ,	 0.00002521322429452421 ,	 0.00045239500177814542 
6.26890000000000036096 ,	 0.00002521322429452421 ,	 0.00045239500177814542 
6.27000000000000046185 ,	 0.00002521322429452421 ,	 0.00045239500177814542 
6.27110000000000056275 ,	 0.00002521322429452421 ,	 0.00045239500177814542 
6.27220000000000066365 ,	 0.00002521322429452421 ,	 0.00045239500177814542 
6.27329999999999987637 ,	 0.00002521322429452421 ,	 0.00045239500177814542 
6.27439999999999997726 ,	 0.00002521322429452421 ,	 0.00045239500177814542 
6.27550000000000007816 ,	 0.00002521322429452421 ,	 0.00045239500177814542 
6.27660000000000017906 ,	 0.00002521322429452421 ,	 0.00045239500177814542 
6.27770000000000027995 ,	 0.00002521322429452421 ,	 0.00045239500177814542 
6.27880000000000038085 ,	 0.00002521322429452421 ,	 0.00045239500177814542 
6.27990000000000048175 ,	 0.00002521322429452421 ,	 0.00045239500177814542 
6.28100000000000058265 ,	 0.00002521322429452421 ,	 0.00045239500177814542 
6.28210000000000068354 ,	 0.00002521322429452421 ,	 0.00045239500177814542 
6.28319999999999989626 ,	 0.00002521322429452421 ,	 0.00045239500177814542 
6.28429999999999999716 ,	 0.00002521322429452421 ,	 0.00045239500177814542 
6.28540000000000009805 ,	 0.00002521322429452421 ,	 0.00045239500177814542 
6.28650000000000019895 ,	 0.00002521322429452421 ,	 0.00045239500177814542 
6.28760000000000029985 ,	 0.00002521322429452421 ,	 0.00045239500177814542 
6.28870000000000040075 ,	 0.00002521322429452421 ,	 0.00045239500177814542 
6.28980000000000050164 ,	 0.00002521322429452421 ,	 0.00045239500177814542 
6.29090000000000060254 ,	 0.00002521322429452421 ,	 0.00045239500177814542 
6.29200000000000070344 ,	 0.00002521322429452421 ,	 0.00045239500177814542 
6.29309999999999991616 ,	 0.00002693069758923619 ,	 0.00308231330481810147 
6.29420000000000001705 ,	 0.00002693069758923619 ,	 0.00308231330481810147 
6.29530000000000011795 ,	 0.00002693069758923619 ,	 0.00308231330481810147 
6.29640000000000021885 ,	 0.00002693069758923619 ,	 0.00308231330481810147 
6.29750000000000031974 ,	 0.00002693069758923619 ,	 0.00308231330481810147 
6.29860000000000042064 ,	 0.00002693069758923619 ,	 0.00308231330481810147 
6.29970000000000052154 ,	 0.00002693069758923619 ,	 0.00308231330481810147 
6.30080000000000062244 ,	 0.00002693069758923619 ,	 0.00308231330481810147 
6.30190000000000072333 ,	 0.00002693069758923619 ,	 0.00308231330481810147 
6.30299999999999993605 ,	 0.00002693069758923619 ,	 0.00308231330481810147 
6.30410000000000003695 ,	 0.00002693069758923619 ,	 0.00308231330481810147 
6.30520000000000013785 ,	 0.00002693069758923619 ,	 0.00308231330481810147 
6.30630000000000023874 ,	 0.00002693069758923619 ,	 0.00308231330481810147 
6.30740000000000033964 ,	 0.00002693069758923619 ,	 0.00308231330481810147 
6.30850000000000044054 ,	 0.00002693069758923619 ,	 0.00308231330481810147 
6.30960000000000054143 ,	 0.00002693069758923619 ,	 0.00308231330481810147 
6.31070000000000064233 ,	 0.00002693069758923619 ,	 0.00308231330481810147 
6.31180000000000074323 ,	 0.00002693069758923619 ,	 0.00308231330481810147 
6.31289999999999995595 ,	 0.00002693069758923619 ,	 0.00308231330481810147 
6.31400000000000005684 ,	 0.00002693069758923619 ,	 0.00308231330481810147 
6.31510000000000015774 ,	 0.00002693069758923619 ,	 0.00308231330481810147 
6.31620000000000025864 ,	 0.00002693069758923619 ,	 0.00308231330481810147 
6.31730000000000035953 ,	 0.00002693069758923619 ,	 0.00308231330481810147 
6.31840000000000046043 ,	 0.00002693069758923619 ,	 0.00308231330481810147 
6.31950000000000056133 ,	 0.00002693069758923619 ,	 0.00308231330481810147 
6.32060000000000066223 ,	 0.00002693069758923619 ,	 0.00308231330481810147 
6.32169999999999987494 ,	 0.00002693069758923619 ,	 0.00308231330481810147 
6.32279999999999997584 ,	 0.00002693069758923619 ,	 0.00308231330481810147 
6.32390000000000007674 ,	 0.00002693069758923619 ,	 0.00308231330481810147 
6.32500000000000017764 ,	 0.00002693069758923619 ,	 0.00308231330481810147 
6.32610000000000027853 ,	 0.00002693069758923619 ,	 0.00308231330481810147 
6.32720000000000037943 ,	 0.00002693069758923619 ,	 0.00308231330481810147 
6.32830000000000048033 ,	 0.00002693069758923619 ,	 0.00308231330481810147 
6.32940000000000058122 ,	 0.00002693069758923619 ,	 0.00308231330481810147 
6.33050000000000068212 ,	 0.00002693069758923619 ,	 0.00308231330481810147 
6.33159999999999989484 ,	 0.00002693069758923619 ,	 0.00308231330481810147 
6.33269999999999999574 ,	 0.00002693069758923619 ,	 0.00308231330481810147 
6.33380000000000009663 ,	 0.00002693069758923619 ,	 0.00308231330481810147 
6.33490000000000019753 ,	 0.00002693069758923619 ,	 0.00308231330481810147 
6.33600000000000029843 ,	 0.00002693069758923619 ,	 0.00308231330481810147 
6.33710000000000039933 ,	 0.00002693069758923619 ,	 0.00308231330481810147 
6.33820000000000050022 ,	 0.00002693069758923619 ,	 0.00308231330481810147 
6.33930000000000060112 ,	 0.00002693069758923619 ,	 0.00308231330481810147 
6.34040000000000070202 ,	 0.00002693069758923619 ,	 0.00308231330481810147 
6.34149999999999991473 ,	 0.00002693069758923619 ,	 0.00308231330481810147 
6.34260000000000001563 ,	 0.00002693069758923619 ,	 0.00308231330481810147 
6.34370000000000011653 ,	 0.00002693069758923619 ,	 0.00308231330481810147 
6.34480000000000021743 ,	 0.00002693069758923619 ,	 0.00308231330481810147 
6.34590000000000031832 ,	 0.00002693069758923619 ,	 0.00308231330481810147 
6.34700000000000041922 ,	 0.00002693069758923619 ,	 0.00308231330481810147 
6.34810000000000052012 ,	 0.00002693069758923619 ,	 0.00308231330481810147 
6.34920000000000062101 ,	 0.00002693069758923619 ,	 0.00308231330481810147 
6.35030000000000072191 ,	 0.00002693069758923619 ,	 0.00308231330481810147 
6.35139999999999993463 ,	 0.00002693069758923619 ,	 0.00308231330481810147 
6.35250000000000003553 ,	 0.00002693069758923619 ,	 0.00308231330481810147 
6.35360000000000013642 ,	 0.00002693069758923619 ,	 0.00308231330481810147 
6.35470000000000023732 ,	 0.00002693069758923619 ,	 0.00308231330481810147 
6.35580000000000033822 ,	 0.00002693069758923619 ,	 0.00308231330481810147 
6.35690000000000043912 ,	 0.00002693069758923619 ,	 0.00308231330481810147 
6.35800000000000054001 ,	 0.00002693069758923619 ,	 0.00308231330481810147 
6.35910000000000064091 ,	 0.00002693069758923619 ,	 0.00308231330481810147 
6.36020000000000074181 ,	 0.00002693069758923619 ,	 0.00308231330481810147 
6.36129999999999995453 ,	 0.00006080882234507608 ,	 0.00072297583477929500 
6.36240000000000005542 ,	 0.00006080882234507608 ,	 0.00072297583477929500 
6.36350000000000015632 ,	 0.00006080882234507608 ,	 0.00072297583477929500 
6.36460000000000025722 ,	 0.00006080882234507608 ,	 0.00072297583477929500 
6.36570000000000035811 ,	 0.00006080882234507608 ,	 0.00072297583477929500 
6.36680000000000045901 ,	 0.00006080882234507608 ,	 0.00072297583477929500 
6.36790000000000055991 ,	 0.00006080882234507608 ,	 0.00072297583477929500 
6.36900000000000066080 ,	 0.00006080882234507608 ,	 0.00072297583477929500 
6.37009999999999987352 ,	 0.00006080882234507608 ,	 0.00072297583477929500 
6.37119999999999997442 ,	 0.00006080882234507608 ,	 0.00072297583477929500 
6.37230000000000007532 ,	 0.00006080882234507608 ,	 0.00072297583477929500 
6.37340000000000017621 ,	 0.00006080882234507608 ,	 0.00072297583477929500 
6.37450000000000027711 ,	 0.00006080882234507608 ,	 0.00072297583477929500 
6.37560000000000037801 ,	 0.00006080882234507608 ,	 0.00072297583477929500 
6.37670000000000047891 ,	 0.00006080882234507608 ,	 0.00072297583477929500 
6.37780000000000057980 ,	 0.00006080882234507608 ,	 0.00072297583477929500 
6.37890000000000068070 ,	 0.00006080882234507608 ,	 0.00072297583477929500 
6.37999999999999989342 ,	 0.00006080882234507608 ,	 0.00072297583477929500 
6.38109999999999999432 ,	 0.00006080882234507608 ,	 0.00072297583477929500 
6.38220000000000009521 ,	 0.00006080882234507608 ,	 0.00072297583477929500 
6.38330000000000019611 ,	 0.00006080882234507608 ,	 0.00072297583477929500 
6.38440000000000029701 ,	 0.00006080882234507608 ,	 0.00072297583477929500 
6.38550000000000039790 ,	 0.00006080882234507608 ,	 0.00072297583477929500 
6.38660000000000049880 ,	 0.00006080882234507608 ,	 0.00072297583477929500 
6.38770000000000059970 ,	 0.00006080882234507608 ,	 0.00072297583477929500 
6.38880000000000070060 ,	 0.00006080882234507608 ,	 0.00072297583477929500 
6.38989999999999991331 ,	 0.00006080882234507608 ,	 0.00072297583477929500 
6.39100000000000001421 ,	 0.00006080882234507608 ,	 0.00072297583477929500 
6.39210000000000011511 ,	 0.00006080882234507608 ,	 0.00072297583477929500 
6.39320000000000021600 ,	 0.00006080882234507608 ,	 0.00072297583477929500 
6.39430000000000031690 ,	 0.00006080882234507608 ,	 0.00072297583477929500 
6.39540000000000041780 ,	 0.00006080882234507608 ,	 0.00072297583477929500 
6.39650000000000051870 ,	 0.00006080882234507608 ,	 0.00072297583477929500 
6.39760000000000061959 ,	 0.00006080882234507608 ,	 0.00072297583477929500 
6.39870000000000072049 ,	 0.00006080882234507608 ,	 0.00072297583477929500 
6.39979999999999993321 ,	 0.00006080882234507608 ,	 0.00072297583477929500 
6.40090000000000003411 ,	 0.00006080882234507608 ,	 0.00072297583477929500 
6.40200000000000013500 ,	 0.00006080882234507608 ,	 0.00072297583477929500 
6.40310000000000023590 ,	 0.00006080882234507608 ,	 0.00072297583477929500 
6.40420000000000033680 ,	 0.00006080882234507608 ,	 0.00072297583477929500 
6.40530000000000043769 ,	 0.00006080882234507608 ,	 0.00072297583477929500 
6.40640000000000053859 ,	 0.00006080882234507608 ,	 0.00072297583477929500 
6.40750000000000063949 ,	 0.00006080882234507608 ,	 0.00072297583477929500 
6.40860000000000074039 ,	 0.00006080882234507608 ,	 0.00072297583477929500 
6.40969999999999995310 ,	 0.00006080882234507608 ,	 0.00072297583477929500 
6.41080000000000005400 ,	 0.00006080882234507608 ,	 0.00072297583477929500 
6.41190000000000015490 ,	 0.00006080882234507608 ,	 0.00072297583477929500 
6.41300000000000025580 ,	 0.00006080882234507608 ,	 0.00072297583477929500 
6.41410000000000035669 ,	 0.00006080882234507608 ,	 0.00072297583477929500 
6.41520000000000045759 ,	 0.00006080882234507608 ,	 0.00072297583477929500 
6.41630000000000055849 ,	 0.00006080882234507608 ,	 0.00072297583477929500 
6.41740000000000065938 ,	 0.00006080882234507608 ,	 0.00072297583477929500 
6.41849999999999987210 ,	 0.00006080882234507608 ,	 0.00072297583477929500 
6.41959999999999997300 ,	 0.00006080882234507608 ,	 0.00072297583477929500 
6.42070000000000007390 ,	 0.00006080882234507608 ,	 0.00072297583477929500 
6.42180000000000017479 ,	 0.00006080882234507608 ,	 0.00072297583477929500 
6.42290000000000027569 ,	 0.00006080882234507608 ,	 0.00072297583477929500 
6.42400000000000037659 ,	 0.00006080882234507608 ,	 0.00072297583477929500 
6.42510000000000047748 ,	 0.00006080882234507608 ,	 0.00072297583477929500 
6.42620000000000057838 ,	 0.00006080882234507608 ,	 0.00072297583477929500 
6.42730000000000067928 ,	 0.00006080882234507608 ,	 0.00072297583477929500 
6.42839999999999989200 ,	 0.00006080882234507608 ,	 0.00072297583477929500 
6.42949999999999999289 ,	 0.00006080882234507608 ,	 0.00072297583477929500 
6.43060000000000009379 ,	 0.00006430088596370576 ,	 0.00053405259809594660 
6.43170000000000019469 ,	 0.00006430088596370576 ,	 0.00053405259809594660 
6.43280000000000029559 ,	 0.00006430088596370576 ,	 0.00053405259809594660 
6.43390000000000039648 ,	 0.00006430088596370576 ,	 0.00053405259809594660 
6.43500000000000049738 ,	 0.00006430088596370576 ,	 0.00053405259809594660 
6.43610000000000059828 ,	 0.00006430088596370576 ,	 0.00053405259809594660 
6.43720000000000069917 ,	 0.00006430088596370576 ,	 0.00053405259809594660 
6.43829999999999991189 ,	 0.00006430088596370576 ,	 0.00053405259809594660 
6.43940000000000001279 ,	 0.00006430088596370576 ,	 0.00053405259809594660 
6.44050000000000011369 ,	 0.00006430088596370576 ,	 0.00053405259809594660 
6.44160000000000021458 ,	 0.00006430088596370576 ,	 0.00053405259809594660 
6.44270000000000031548 ,	 0.00006430088596370576 ,	 0.00053405259809594660 
6.44380000000000041638 ,	 0.00006430088596370576 ,	 0.00053405259809594660 
6.44490000000000051728 ,	 0.00006430088596370576 ,	 0.00053405259809594660 
6.44600000000000061817 ,	 0.00006430088596370576 ,	 0.00053405259809594660 
6.44710000000000071907 ,	 0.00006430088596370576 ,	 0.00053405259809594660 
6.44819999999999993179 ,	 0.00006430088596370576 ,	 0.00053405259809594660 
6.44930000000000003268 ,	 0.00006430088596370576 ,	 0.00053405259809594660 
6.45040000000000013358 ,	 0.00006430088596370576 ,	 0.00053405259809594660 
6.45150000000000023448 ,	 0.00006430088596370576 ,	 0.00053405259809594660 
6.45260000000000033538 ,	 0.00006430088596370576 ,	 0.00053405259809594660 
6.45370000000000043627 ,	 0.00006430088596370576 ,	 0.00053405259809594660 
6.45480000000000053717 ,	 0.00006430088596370576 ,	 0.00053405259809594660 
6.45590000000000063807 ,	 0.00006430088596370576 ,	 0.00053405259809594660 
6.45700000000000073896 ,	 0.00006430088596370576 ,	 0.00053405259809594660 
6.45809999999999995168 ,	 0.00006430088596370576 ,	 0.00053405259809594660 
6.45920000000000005258 ,	 0.00006430088596370576 ,	 0.00053405259809594660 
6.46030000000000015348 ,	 0.00006430088596370576 ,	 0.00053405259809594660 
6.46140000000000025437 ,	 0.00006430088596370576 ,	 0.00053405259809594660 
6.46250000000000035527 ,	 0.00006430088596370576 ,	 0.00053405259809594660 
6.46360000000000045617 ,	 0.00006430088596370576 ,	 0.00053405259809594660 
6.46470000000000055707 ,	 0.00006430088596370576 ,	 0.00053405259809594660 
6.46580000000000065796 ,	 0.00006430088596370576 ,	 0.00053405259809594660 
6.46689999999999987068 ,	 0.00006430088596370576 ,	 0.00053405259809594660 
6.46799999999999997158 ,	 0.00006430088596370576 ,	 0.00053405259809594660 
6.46910000000000007248 ,	 0.00006430088596370576 ,	 0.00053405259809594660 
6.47020000000000017337 ,	 0.00006430088596370576 ,	 0.00053405259809594660 
6.47130000000000027427 ,	 0.00006430088596370576 ,	 0.00053405259809594660 
6.47240000000000037517 ,	 0.00006430088596370576 ,	 0.00053405259809594660 
6.47350000000000047606 ,	 0.00006430088596370576 ,	 0.00053405259809594660 
6.47460000000000057696 ,	 0.00006430088596370576 ,	 0.00053405259809594660 
6.47570000000000067786 ,	 0.00006430088596370576 ,	 0.00053405259809594660 
6.47679999999999989058 ,	 0.00006430088596370576 ,	 0.00053405259809594660 
6.47789999999999999147 ,	 0.00006430088596370576 ,	 0.00053405259809594660 
6.47900000000000009237 ,	 0.00006430088596370576 ,	 0.00053405259809594660 
6.48010000000000019327 ,	 0.00006430088596370576 ,	 0.00053405259809594660 
6.48120000000000029416 ,	 0.00006430088596370576 ,	 0.00053405259809594660 
6.48230000000000039506 ,	 0.00006430088596370576 ,	 0.00053405259809594660 
6.48340000000000049596 ,	 0.00006430088596370576 ,	 0.00053405259809594660 
6.48450000000000059686 ,	 0.00006430088596370576 ,	 0.00053405259809594660 
6.48560000000000069775 ,	 0.00006430088596370576 ,	 0.00053405259809594660 
6.48669999999999991047 ,	 0.00006430088596370576 ,	 0.00053405259809594660 
6.48780000000000001137 ,	 0.00006430088596370576 ,	 0.00053405259809594660 
6.48890000000000011227 ,	 0.00006430088596370576 ,	 0.00053405259809594660 
6.49000000000000021316 ,	 0.00006430088596370576 ,	 0.00053405259809594660 
6.49110000000000031406 ,	 0.00006430088596370576 ,	 0.00053405259809594660 
6.49220000000000041496 ,	 0.00006430088596370576 ,	 0.00053405259809594660 
6.49330000000000051585 ,	 0.00006430088596370576 ,	 0.00053405259809594660 
6.49440000000000061675 ,	 0.00006430088596370576 ,	 0.00053405259809594660 
6.49550000000000071765 ,	 0.00006430088596370576 ,	 0.00053405259809594660 
6.49659999999999993037 ,	 0.00006430088596370576 ,	 0.00053405259809594660 
6.49770000000000003126 ,	 0.00006430088596370576 ,	 0.00053405259809594660 
6.49880000000000013216 ,	 0.00001707654078451157 ,	 0.00503065881446785462 
6.49990000000000023306 ,	 0.00001707654078451157 ,	 0.00503065881446785462 
6.50100000000000033396 ,	 0.00001707654078451157 ,	 0.00503065881446785462 
6.50210000000000043485 ,	 0.00001707654078451157 ,	 0.00503065881446785462 
6.50320000000000053575 ,	 0.00001707654078451157 ,	 0.00503065881446785462 
6.50430000000000063665 ,	 0.00001707654078451157 ,	 0.00503065881446785462 
6.50540000000000073754 ,	 0.00001707654078451157 ,	 0.00503065881446785462 
6.50649999999999995026 ,	 0.00001707654078451157 ,	 0.00503065881446785462 
6.50760000000000005116 ,	 0.00001707654078451157 ,	 0.00503065881446785462 
6.50870000000000015206 ,	 0.00001707654078451157 ,	 0.00503065881446785462 
6.50980000000000025295 ,	 0.00001707654078451157 ,	 0.00503065881446785462 
6.51090000000000035385 ,	 0.00001707654078451157 ,	 0.00503065881446785462 
6.51200000000000045475 ,	 0.00001707654078451157 ,	 0.00503065881446785462 
6.51310000000000055564 ,	 0.00001707654078451157 ,	 0.00503065881446785462 
6.51420000000000065654 ,	 0.00001707654078451157 ,	 0.00503065881446785462 
6.51529999999999986926 ,	 0.00001707654078451157 ,	 0.00503065881446785462 
6.51639999999999997016 ,	 0.00001707654078451157 ,	 0.00503065881446785462 
6.51750000000000007105 ,	 0.00001707654078451157 ,	 0.00503065881446785462 
6.51860000000000017195 ,	 0.00001707654078451157 ,	 0.00503065881446785462 
6.51970000000000027285 ,	 0.00001707654078451157 ,	 0.00503065881446785462 
6.52080000000000037375 ,	 0.00001707654078451157 ,	 0.00503065881446785462 
6.52190000000000047464 ,	 0.00001707654078451157 ,	 0.00503065881446785462 
6.52300000000000057554 ,	 0.00001707654078451157 ,	 0.00503065881446785462 
6.52410000000000067644 ,	 0.00001707654078451157 ,	 0.00503065881446785462 
6.52519999999999988916 ,	 0.00001707654078451157 ,	 0.00503065881446785462 
6.52629999999999999005 ,	 0.00001707654078451157 ,	 0.00503065881446785462 
6.52740000000000009095 ,	 0.00001707654078451157 ,	 0.00503065881446785462 
6.52850000000000019185 ,	 0.00001707654078451157 ,	 0.00503065881446785462 
6.52960000000000029274 ,	 0.00001707654078451157 ,	 0.00503065881446785462 
6.53070000000000039364 ,	 0.00001707654078451157 ,	 0.00503065881446785462 
6.53180000000000049454 ,	 0.00001707654078451157 ,	 0.00503065881446785462 
6.53290000000000059543 ,	 0.00001707654078451157 ,	 0.00503065881446785462 
6.53400000000000069633 ,	 0.00001707654078451157 ,	 0.00503065881446785462 
6.53509999999999990905 ,	 0.00001707654078451157 ,	 0.00503065881446785462 
6.53620000000000000995 ,	 0.00001707654078451157 ,	 0.00503065881446785462 
6.53730000000000011084 ,	 0.00001707654078451157 ,	 0.00503065881446785462 
6.53840000000000021174 ,	 0.00001707654078451157 ,	 0.00503065881446785462 
6.53950000000000031264 ,	 0.00001707654078451157 ,	 0.00503065881446785462 
6.54060000000000041354 ,	 0.00001707654078451157 ,	 0.00503065881446785462 
6.54170000000000051443 ,	 0.00001707654078451157 ,	 0.00503065881446785462 
6.54280000000000061533 ,	 0.00001707654078451157 ,	 0.00503065881446785462 
6.54390000000000071623 ,	 0.00001707654078451157 ,	 0.00503065881446785462 
6.54499999999999992895 ,	 0.00001707654078451157 ,	 0.00503065881446785462 
6.54610000000000002984 ,	 0.00001707654078451157 ,	 0.00503065881446785462 
6.54720000000000013074 ,	 0.00001707654078451157 ,	 0.00503065881446785462 
6.54830000000000023164 ,	 0.00001707654078451157 ,	 0.00503065881446785462 
6.54940000000000033253 ,	 0.00001707654078451157 ,	 0.00503065881446785462 
6.55050000000000043343 ,	 0.00001707654078451157 ,	 0.00503065881446785462 
6.55160000000000053433 ,	 0.00001707654078451157 ,	 0.00503065881446785462 
6.55270000000000063523 ,	 0.00001707654078451157 ,	 0.00503065881446785462 
6.55380000000000073612 ,	 0.00001707654078451157 ,	 0.00503065881446785462 
6.55489999999999994884 ,	 0.00001707654078451157 ,	 0.00503065881446785462 
6.55600000000000004974 ,	 0.00001707654078451157 ,	 0.00503065881446785462 
6.55710000000000015064 ,	 0.00001707654078451157 ,	 0.00503065881446785462 
6.55820000000000025153 ,	 0.00001707654078451157 ,	 0.00503065881446785462 
6.55930000000000035243 ,	 0.00001707654078451157 ,	 0.00503065881446785462 
6.56040000000000045333 ,	 0.00001707654078451157 ,	 0.00503065881446785462 
6.56150000000000055422 ,	 0.00001707654078451157 ,	 0.00503065881446785462 
6.56260000000000065512 ,	 0.00001707654078451157 ,	 0.00503065881446785462 
6.56370000000000075602 ,	 0.00001707654078451157 ,	 0.00503065881446785462 
6.56479999999999996874 ,	 0.00001707654078451157 ,	 0.00503065881446785462 
6.56590000000000006963 ,	 0.00001707654078451157 ,	 0.00503065881446785462 
6.56700000000000017053 ,	 0.00004442940446176321 ,	 0.00090357431117298070 
6.56810000000000027143 ,	 0.00004442940446176321 ,	 0.00090357431117298070 
6.56920000000000037232 ,	 0.00004442940446176321 ,	 0.00090357431117298070 
6.57030000000000047322 ,	 0.00004442940446176321 ,	 0.00090357431117298070 
6.57140000000000057412 ,	 0.00004442940446176321 ,	 0.00090357431117298070 
6.57250000000000067502 ,	 0.00004442940446176321 ,	 0.00090357431117298070 
6.57359999999999988773 ,	 0.00004442940446176321 ,	 0.00090357431117298070 
6.57469999999999998863 ,	 0.00004442940446176321 ,	 0.00090357431117298070 
6.57580000000000008953 ,	 0.00004442940446176321 ,	 0.00090357431117298070 
6.57690000000000019043 ,	 0.00004442940446176321 ,	 0.00090357431117298070 
6.57800000000000029132 ,	 0.00004442940446176321 ,	 0.00090357431117298070 
6.57910000000000039222 ,	 0.00004442940446176321 ,	 0.00090357431117298070 
6.58020000000000049312 ,	 0.00004442940446176321 ,	 0.00090357431117298070 
6.58130000000000059401 ,	 0.00004442940446176321 ,	 0.00090357431117298070 
6.58240000000000069491 ,	 0.00004442940446176321 ,	 0.00090357431117298070 
6.58349999999999990763 ,	 0.00004442940446176321 ,	 0.00090357431117298070 
6.58460000000000000853 ,	 0.00004442940446176321 ,	 0.00090357431117298070 
6.58570000000000010942 ,	 0.00004442940446176321 ,	 0.00090357431117298070 
6.58680000000000021032 ,	 0.00004442940446176321 ,	 0.00090357431117298070 
6.58790000000000031122 ,	 0.00004442940446176321 ,	 0.00090357431117298070 
6.58900000000000041211 ,	 0.00004442940446176321 ,	 0.00090357431117298070 
6.59010000000000051301 ,	 0.00004442940446176321 ,	 0.00090357431117298070 
6.59120000000000061391 ,	 0.00004442940446176321 ,	 0.00090357431117298070 
6.59230000000000071481 ,	 0.00004442940446176321 ,	 0.00090357431117298070 
6.59339999999999992752 ,	 0.00004442940446176321 ,	 0.00090357431117298070 
6.59450000000000002842 ,	 0.00004442940446176321 ,	 0.00090357431117298070 
6.59560000000000012932 ,	 0.00004442940446176321 ,	 0.00090357431117298070 
6.59670000000000023022 ,	 0.00004442940446176321 ,	 0.00090357431117298070 
6.59780000000000033111 ,	 0.00004442940446176321 ,	 0.00090357431117298070 
6.59890000000000043201 ,	 0.00004442940446176321 ,	 0.00090357431117298070 
6.60000000000000053291 ,	 0.00004442940446176321 ,	 0.00090357431117298070 
6.60110000000000063380 ,	 0.00004442940446176321 ,	 0.00090357431117298070 
6.60220000000000073470 ,	 0.00004442940446176321 ,	 0.00090357431117298070 
6.60329999999999994742 ,	 0.00004442940446176321 ,	 0.00090357431117298070 
6.60440000000000004832 ,	 0.00004442940446176321 ,	 0.00090357431117298070 
6.60550000000000014921 ,	 0.00004442940446176321 ,	 0.00090357431117298070 
6.60660000000000025011 ,	 0.00004442940446176321 ,	 0.00090357431117298070 
6.60770000000000035101 ,	 0.00004442940446176321 ,	 0.00090357431117298070 
6.60880000000000045191 ,	 0.00004442940446176321 ,	 0.00090357431117298070 
6.60990000000000055280 ,	 0.00004442940446176321 ,	 0.00090357431117298070 
6.61100000000000065370 ,	 0.00004442940446176321 ,	 0.00090357431117298070 
6.61210000000000075460 ,	 0.00004442940446176321 ,	 0.00090357431117298070 
6.61319999999999996732 ,	 0.00004442940446176321 ,	 0.00090357431117298070 
6.61430000000000006821 ,	 0.00004442940446176321 ,	 0.00090357431117298070 
6.61540000000000016911 ,	 0.00004442940446176321 ,	 0.00090357431117298070 
6.61650000000000027001 ,	 0.00004442940446176321 ,	 0.00090357431117298070 
6.61760000000000037090 ,	 0.00004442940446176321 ,	 0.00090357431117298070 
6.61870000000000047180 ,	 0.00004442940446176321 ,	 0.00090357431117298070 
6.61980000000000057270 ,	 0.00004442940446176321 ,	 0.00090357431117298070 
6.62090000000000067359 ,	 0.00004442940446176321 ,	 0.00090357431117298070 
6.62199999999999988631 ,	 0.00004442940446176321 ,	 0.00090357431117298070 
6.62309999999999998721 ,	 0.00004442940446176321 ,	 0.00090357431117298070 
6.62420000000000008811 ,	 0.00004442940446176321 ,	 0.00090357431117298070 
6.62530000000000018900 ,	 0.00004442940446176321 ,	 0.00090357431117298070 
6.62640000000000028990 ,	 0.00004442940446176321 ,	 0.00090357431117298070 
6.62750000000000039080 ,	 0.00004442940446176321 ,	 0.00090357431117298070 
6.62860000000000049170 ,	 0.00004442940446176321 ,	 0.00090357431117298070 
6.62970000000000059259 ,	 0.00004442940446176321 ,	 0.00090357431117298070 
6.63080000000000069349 ,	 0.00004442940446176321 ,	 0.00090357431117298070 
6.63189999999999990621 ,	 0.00004442940446176321 ,	 0.00090357431117298070 
6.63300000000000000711 ,	 0.00004442940446176321 ,	 0.00090357431117298070 
6.63410000000000010800 ,	 0.00004442940446176321 ,	 0.00090357431117298070 
6.63520000000000020890 ,	 0.00003821423129166441 ,	 0.00198597065127327542 
6.63630000000000030980 ,	 0.00003821423129166441 ,	 0.00198597065127327542 
6.63740000000000041069 ,	 0.00003821423129166441 ,	 0.00198597065127327542 
6.63850000000000051159 ,	 0.00003821423129166441 ,	 0.00198597065127327542 
6.63960000000000061249 ,	 0.00003821423129166441 ,	 0.00198597065127327542 
6.64070000000000071338 ,	 0.00003821423129166441 ,	 0.00198597065127327542 
6.64179999999999992610 ,	 0.00003821423129166441 ,	 0.00198597065127327542 
6.64290000000000002700 ,	 0.00003821423129166441 ,	 0.00198597065127327542 
6.64400000000000012790 ,	 0.00003821423129166441 ,	 0.00198597065127327542 
6.64510000000000022879 ,	 0.00003821423129166441 ,	 0.00198597065127327542 
6.64620000000000032969 ,	 0.00003821423129166441 ,	 0.00198597065127327542 
6.64730000000000043059 ,	 0.00003821423129166441 ,	 0.00198597065127327542 
6.64840000000000053149 ,	 0.00003821423129166441 ,	 0.00198597065127327542 
6.64950000000000063238 ,	 0.00003821423129166441 ,	 0.00198597065127327542 
6.65060000000000073328 ,	 0.00003821423129166441 ,	 0.00198597065127327542 
6.65169999999999994600 ,	 0.00003821423129166441 ,	 0.00198597065127327542 
6.65280000000000004690 ,	 0.00003821423129166441 ,	 0.00198597065127327542 
6.65390000000000014779 ,	 0.00003821423129166441 ,	 0.00198597065127327542 
6.65500000000000024869 ,	 0.00003821423129166441 ,	 0.00198597065127327542 
6.65610000000000034959 ,	 0.00003821423129166441 ,	 0.00198597065127327542 
6.65720000000000045048 ,	 0.00003821423129166441 ,	 0.00198597065127327542 
6.65830000000000055138 ,	 0.00003821423129166441 ,	 0.00198597065127327542 
6.65940000000000065228 ,	 0.00003821423129166441 ,	 0.00198597065127327542 
6.66050000000000075318 ,	 0.00003821423129166441 ,	 0.00198597065127327542 
6.66159999999999996589 ,	 0.00003821423129166441 ,	 0.00198597065127327542 
6.66270000000000006679 ,	 0.00003821423129166441 ,	 0.00198597065127327542 
6.66380000000000016769 ,	 0.00003821423129166441 ,	 0.00198597065127327542 
6.66490000000000026859 ,	 0.00003821423129166441 ,	 0.00198597065127327542 
6.66600000000000036948 ,	 0.00003821423129166441 ,	 0.00198597065127327542 
6.66710000000000047038 ,	 0.00003821423129166441 ,	 0.00198597065127327542 
6.66820000000000057128 ,	 0.00003821423129166441 ,	 0.00198597065127327542 
6.66930000000000067217 ,	 0.00003821423129166441 ,	 0.00198597065127327542 
6.67039999999999988489 ,	 0.00003821423129166441 ,	 0.00198597065127327542 
6.67149999999999998579 ,	 0.00003821423129166441 ,	 0.00198597065127327542 
6.67260000000000008669 ,	 0.00003821423129166441 ,	 0.00198597065127327542 
6.67370000000000018758 ,	 0.00003821423129166441 ,	 0.00198597065127327542 
6.67480000000000028848 ,	 0.00003821423129166441 ,	 0.00198597065127327542 
6.67590000000000038938 ,	 0.00003821423129166441 ,	 0.00198597065127327542 
6.67700000000000049027 ,	 0.00003821423129166441 ,	 0.00198597065127327542 
6.67810000000000059117 ,	 0.00003821423129166441 ,	 0.00198597065127327542 
6.67920000000000069207 ,	 0.00003821423129166441 ,	 0.00198597065127327542 
6.68029999999999990479 ,	 0.00003821423129166441 ,	 0.00198597065127327542 
6.68140000000000000568 ,	 0.00003821423129166441 ,	 0.00198597065127327542 
6.68250000000000010658 ,	 0.00003821423129166441 ,	 0.00198597065127327542 
6.68360000000000020748 ,	 0.00003821423129166441 ,	 0.00198597065127327542 
6.68470000000000030838 ,	 0.00003821423129166441 ,	 0.00198597065127327542 
6.68580000000000040927 ,	 0.00003821423129166441 ,	 0.00198597065127327542 
6.68690000000000051017 ,	 0.00003821423129166441 ,	 0.00198597065127327542 
6.68800000000000061107 ,	 0.00003821423129166441 ,	 0.00198597065127327542 
6.68910000000000071196 ,	 0.00003821423129166441 ,	 0.00198597065127327542 
6.69019999999999992468 ,	 0.00003821423129166441 ,	 0.00198597065127327542 
6.69130000000000002558 ,	 0.00003821423129166441 ,	 0.00198597065127327542 
6.69240000000000012648 ,	 0.00003821423129166441 ,	 0.00198597065127327542 
6.69350000000000022737 ,	 0.00003821423129166441 ,	 0.00198597065127327542 
6.69460000000000032827 ,	 0.00003821423129166441 ,	 0.00198597065127327542 
6.69570000000000042917 ,	 0.00003821423129166441 ,	 0.00198597065127327542 
6.69680000000000053006 ,	 0.00003821423129166441 ,	 0.00198597065127327542 
6.69790000000000063096 ,	 0.00003821423129166441 ,	 0.00198597065127327542 
6.69900000000000073186 ,	 0.00003821423129166441 ,	 0.00198597065127327542 
6.70009999999999994458 ,	 0.00003821423129166441 ,	 0.00198597065127327542 
6.70120000000000004547 ,	 0.00003821423129166441 ,	 0.00198597065127327542 
6.70230000000000014637 ,	 0.00003821423129166441 ,	 0.00198597065127327542 
6.70340000000000024727 ,	 0.00002857004283792390 ,	 0.00171721383521783433 
6.70450000000000034817 ,	 0.00002857004283792390 ,	 0.00171721383521783433 
6.70560000000000044906 ,	 0.00002857004283792390 ,	 0.00171721383521783433 
6.70670000000000054996 ,	 0.00002857004283792390 ,	 0.00171721383521783433 
6.70780000000000065086 ,	 0.00002857004283792390 ,	 0.00171721383521783433 
6.70890000000000075175 ,	 0.00002857004283792390 ,	 0.00171721383521783433 
6.70999999999999996447 ,	 0.00002857004283792390 ,	 0.00171721383521783433 
6.71110000000000006537 ,	 0.00002857004283792390 ,	 0.00171721383521783433 
6.71220000000000016627 ,	 0.00002857004283792390 ,	 0.00171721383521783433 
6.71330000000000026716 ,	 0.00002857004283792390 ,	 0.00171721383521783433 
6.71440000000000036806 ,	 0.00002857004283792390 ,	 0.00171721383521783433 
6.71550000000000046896 ,	 0.00002857004283792390 ,	 0.00171721383521783433 
6.71660000000000056986 ,	 0.00002857004283792390 ,	 0.00171721383521783433 
6.71770000000000067075 ,	 0.00002857004283792390 ,	 0.00171721383521783433 
6.71879999999999988347 ,	 0.00002857004283792390 ,	 0.00171721383521783433 
6.71989999999999998437 ,	 0.00002857004283792390 ,	 0.00171721383521783433 
6.72100000000000008527 ,	 0.00002857004283792390 ,	 0.00171721383521783433 
6.72210000000000018616 ,	 0.00002857004283792390 ,	 0.00171721383521783433 
6.72320000000000028706 ,	 0.00002857004283792390 ,	 0.00171721383521783433 
6.72430000000000038796 ,	 0.00002857004283792390 ,	 0.00171721383521783433 
6.72540000000000048885 ,	 0.00002857004283792390 ,	 0.00171721383521783433 
6.72650000000000058975 ,	 0.00002857004283792390 ,	 0.00171721383521783433 
6.72760000000000069065 ,	 0.00002857004283792390 ,	 0.00171721383521783433 
6.72869999999999990337 ,	 0.00002857004283792390 ,	 0.00171721383521783433 
6.72980000000000000426 ,	 0.00002857004283792390 ,	 0.00171721383521783433 
6.73090000000000010516 ,	 0.00002857004283792390 ,	 0.00171721383521783433 
6.73200000000000020606 ,	 0.00002857004283792390 ,	 0.00171721383521783433 
6.73310000000000030695 ,	 0.00002857004283792390 ,	 0.00171721383521783433 
6.73420000000000040785 ,	 0.00002857004283792390 ,	 0.00171721383521783433 
6.73530000000000050875 ,	 0.00002857004283792390 ,	 0.00171721383521783433 
6.73640000000000060965 ,	 0.00002857004283792390 ,	 0.00171721383521783433 
6.73750000000000071054 ,	 0.00002857004283792390 ,	 0.00171721383521783433 
6.73859999999999992326 ,	 0.00002857004283792390 ,	 0.00171721383521783433 
6.73970000000000002416 ,	 0.00002857004283792390 ,	 0.00171721383521783433 
6.74080000000000012506 ,	 0.00002857004283792390 ,	 0.00171721383521783433 
6.74190000000000022595 ,	 0.00002857004283792390 ,	 0.00171721383521783433 
6.74300000000000032685 ,	 0.00002857004283792390 ,	 0.00171721383521783433 
6.74410000000000042775 ,	 0.00002857004283792390 ,	 0.00171721383521783433 
6.74520000000000052864 ,	 0.00002857004283792390 ,	 0.00171721383521783433 
6.74630000000000062954 ,	 0.00002857004283792390 ,	 0.00171721383521783433 
6.74740000000000073044 ,	 0.00002857004283792390 ,	 0.00171721383521783433 
6.74849999999999994316 ,	 0.00002857004283792390 ,	 0.00171721383521783433 
6.74960000000000004405 ,	 0.00002857004283792390 ,	 0.00171721383521783433 
6.75070000000000014495 ,	 0.00002857004283792390 ,	 0.00171721383521783433 
6.75180000000000024585 ,	 0.00002857004283792390 ,	 0.00171721383521783433 
6.75290000000000034674 ,	 0.00002857004283792390 ,	 0.00171721383521783433 
6.75400000000000044764 ,	 0.00002857004283792390 ,	 0.00171721383521783433 
6.75510000000000054854 ,	 0.00002857004283792390 ,	 0.00171721383521783433 
6.75620000000000064944 ,	 0.00002857004283792390 ,	 0.00171721383521783433 
6.75730000000000075033 ,	 0.00002857004283792390 ,	 0.00171721383521783433 
6.75839999999999996305 ,	 0.00002857004283792390 ,	 0.00171721383521783433 
6.75950000000000006395 ,	 0.00002857004283792390 ,	 0.00171721383521783433 
6.76060000000000016485 ,	 0.00002857004283792390 ,	 0.00171721383521783433 
6.76170000000000026574 ,	 0.00002857004283792390 ,	 0.00171721383521783433 
6.76280000000000036664 ,	 0.00002857004283792390 ,	 0.00171721383521783433 
6.76390000000000046754 ,	 0.00002857004283792390 ,	 0.00171721383521783433 
6.76500000000000056843 ,	 0.00002857004283792390 ,	 0.00171721383521783433 
6.76610000000000066933 ,	 0.00002857004283792390 ,	 0.00171721383521783433 
6.76719999999999988205 ,	 0.00002857004283792390 ,	 0.00171721383521783433 
6.76829999999999998295 ,	 0.00002857004283792390 ,	 0.00171721383521783433 
6.76940000000000008384 ,	 0.00002857004283792390 ,	 0.00171721383521783433 
6.77050000000000018474 ,	 0.00002857004283792390 ,	 0.00171721383521783433 
6.77160000000000028564 ,	 0.00002393677230675581 ,	 0.00053631019376500211 
6.77270000000000038654 ,	 0.00002393677230675581 ,	 0.00053631019376500211 
6.77380000000000048743 ,	 0.00002393677230675581 ,	 0.00053631019376500211 
6.77490000000000058833 ,	 0.00002393677230675581 ,	 0.00053631019376500211 
6.77600000000000068923 ,	 0.00002393677230675581 ,	 0.00053631019376500211 
6.77709999999999990195 ,	 0.00002393677230675581 ,	 0.00053631019376500211 
6.77820000000000000284 ,	 0.00002393677230675581 ,	 0.00053631019376500211 
6.77930000000000010374 ,	 0.00002393677230675581 ,	 0.00053631019376500211 
6.78040000000000020464 ,	 0.00002393677230675581 ,	 0.00053631019376500211 
6.78150000000000030553 ,	 0.00002393677230675581 ,	 0.00053631019376500211 
6.78260000000000040643 ,	 0.00002393677230675581 ,	 0.00053631019376500211 
6.78370000000000050733 ,	 0.00002393677230675581 ,	 0.00053631019376500211 
6.78480000000000060822 ,	 0.00002393677230675581 ,	 0.00053631019376500211 
6.78590000000000070912 ,	 0.00002393677230675581 ,	 0.00053631019376500211 
6.78699999999999992184 ,	 0.00002393677230675581 ,	 0.00053631019376500211 
6.78810000000000002274 ,	 0.00002393677230675581 ,	 0.00053631019376500211 
6.78920000000000012363 ,	 0.00002393677230675581 ,	 0.00053631019376500211 
6.79030000000000022453 ,	 0.00002393677230675581 ,	 0.00053631019376500211 
6.79140000000000032543 ,	 0.00002393677230675581 ,	 0.00053631019376500211 
6.79250000000000042633 ,	 0.00002393677230675581 ,	 0.00053631019376500211 
6.79360000000000052722 ,	 0.00002393677230675581 ,	 0.00053631019376500211 
6.79470000000000062812 ,	 0.00002393677230675581 ,	 0.00053631019376500211 
6.79580000000000072902 ,	 0.00002393677230675581 ,	 0.00053631019376500211 
6.79689999999999994174 ,	 0.00002393677230675581 ,	 0.00053631019376500211 
6.79800000000000004263 ,	 0.00002393677230675581 ,	 0.00053631019376500211 
6.79910000000000014353 ,	 0.00002393677230675581 ,	 0.00053631019376500211 
6.80020000000000024443 ,	 0.00002393677230675581 ,	 0.00053631019376500211 
6.80130000000000034532 ,	 0.00002393677230675581 ,	 0.00053631019376500211 
6.80240000000000044622 ,	 0.00002393677230675581 ,	 0.00053631019376500211 
6.80350000000000054712 ,	 0.00002393677230675581 ,	 0.00053631019376500211 
6.80460000000000064801 ,	 0.00002393677230675581 ,	 0.00053631019376500211 
6.80570000000000074891 ,	 0.00002393677230675581 ,	 0.00053631019376500211 
6.80679999999999996163 ,	 0.00002393677230675581 ,	 0.00053631019376500211 
6.80790000000000006253 ,	 0.00002393677230675581 ,	 0.00053631019376500211 
6.80900000000000016342 ,	 0.00002393677230675581 ,	 0.00053631019376500211 
6.81010000000000026432 ,	 0.00002393677230675581 ,	 0.00053631019376500211 
6.81120000000000036522 ,	 0.00002393677230675581 ,	 0.00053631019376500211 
6.81230000000000046612 ,	 0.00002393677230675581 ,	 0.00053631019376500211 
6.81340000000000056701 ,	 0.00002393677230675581 ,	 0.00053631019376500211 
6.81450000000000066791 ,	 0.00002393677230675581 ,	 0.00053631019376500211 
6.81560000000000076881 ,	 0.00002393677230675581 ,	 0.00053631019376500211 
6.81669999999999998153 ,	 0.00002393677230675581 ,	 0.00053631019376500211 
6.81780000000000008242 ,	 0.00002393677230675581 ,	 0.00053631019376500211 
6.81890000000000018332 ,	 0.00002393677230675581 ,	 0.00053631019376500211 
6.82000000000000028422 ,	 0.00002393677230675581 ,	 0.00053631019376500211 
6.82110000000000038511 ,	 0.00002393677230675581 ,	 0.00053631019376500211 
6.82220000000000048601 ,	 0.00002393677230675581 ,	 0.00053631019376500211 
6.82330000000000058691 ,	 0.00002393677230675581 ,	 0.00053631019376500211 
6.82440000000000068781 ,	 0.00002393677230675581 ,	 0.00053631019376500211 
6.82549999999999990052 ,	 0.00002393677230675581 ,	 0.00053631019376500211 
6.82660000000000000142 ,	 0.00002393677230675581 ,	 0.00053631019376500211 
6.82770000000000010232 ,	 0.00002393677230675581 ,	 0.00053631019376500211 
6.82880000000000020322 ,	 0.00002393677230675581 ,	 0.00053631019376500211 
6.82990000000000030411 ,	 0.00002393677230675581 ,	 0.00053631019376500211 
6.83100000000000040501 ,	 0.00002393677230675581 ,	 0.00053631019376500211 
6.83210000000000050591 ,	 0.00002393677230675581 ,	 0.00053631019376500211 
6.83320000000000060680 ,	 0.00002393677230675581 ,	 0.00053631019376500211 
6.83430000000000070770 ,	 0.00002393677230675581 ,	 0.00053631019376500211 
6.83539999999999992042 ,	 0.00002393677230675581 ,	 0.00053631019376500211 
6.83650000000000002132 ,	 0.00002393677230675581 ,	 0.00053631019376500211 
6.83760000000000012221 ,	 0.00002393677230675581 ,	 0.00053631019376500211 
6.83870000000000022311 ,	 0.00002393677230675581 ,	 0.00053631019376500211 
6.83980000000000032401 ,	 0.00002393677230675581 ,	 0.00053631019376500211 
6.83990000000000009095 ,	 0.00002393677230675581 ,	 0.00053631019376500211 
